team_name,player_name,player_batLR,opponents,pitcherLR,pitchername,runners,strikes,pitch_course,pitch_type,pitch_height,hit_type,hit_rank,x_coord,y_coord
近畿大学.csv,久保尊,左,京大以外,左,なし,なし,0,内,ストレート,高め,ゴロ,B,468,379
近畿大学.csv,岩本聖冬生,左,京大以外,左,なし,なし,0,外,カットボール,真中,ライナー,B,348,690
近畿大学.csv,岩本聖冬生,左,京大以外,左,なし,なし,1,外,ストレート,高め,ライナー,B,346,698
近畿大学.csv,岩本聖冬生,左,京大以外,左,なし,なし,2,内,ストレート,高め,フライ,C,100,397
近畿大学.csv,渡辺崇仁,右,京大以外,左,なし,なし,2,外,ストレート,真中,ライナー,A,395,224
同志社大学.csv,土屋璃空,左,京大以外,右,なし,なし,0,内,ストレート,高め,フライ,B,610,328
同志社大学.csv,影山智紀,右,京大以外,右,なし,なし,1,真中,ストレート,低め,ライナー,B,580,580
同志社大学.csv,影山智紀,右,京大以外,右,なし,なし,2,外,ストレート,高め,フライ,C,550,636
同志社大学.csv,牧原優太,左,京大以外,右,なし,1塁,1,内,ストレート,高め,フライ,B,415,164
同志社大学.csv,大江嶺,右,京大以外,右,なし,1塁,0,外,ストレート,真中,フライ,A,517,116
同志社大学.csv,新垣瑞稀,左,京大以外,右,なし,得点圏,0,外,ストレート,高め,フライ,B,170,583
近畿大学.csv,三木太介,右,京大以外,左,なし,なし,0,内,カットボール,低め,ゴロ,C,350,646
近畿大学.csv,三木太介,右,京大以外,左,なし,なし,2,内,カットボール,低め,ライナー,B,70,492
近畿大学.csv,三木太介,右,京大以外,左,なし,なし,2,外,スライダー,低め,ゴロ,C,236,570
近畿大学.csv,三木太介,右,京大以外,左,なし,なし,2,外,ストレート,真中,ゴロ,A,445,336
近畿大学.csv,平沢剛,右,京大以外,左,なし,なし,1,真中,ストレート,低め,ゴロ,B,352,312
近畿大学.csv,菅真大,左,京大以外,左,なし,なし,1,外,カットボール,真中,フライ,B,257,668
近畿大学.csv,菅真大,左,京大以外,左,なし,なし,2,内,ストレート,高め,フライ,C,477,554
近畿大学.csv,菅真大,左,京大以外,左,なし,なし,2,内,スライダー,真中,ライナー,B,492,374
同志社大学.csv,齊藤佑征,左,京大以外,右,なし,なし,0,内,フォーク,高め,ゴロ,B,513,446
同志社大学.csv,北田陸斗,左,京大以外,右,なし,1塁,1,外,フォーク,真中,ゴロ,C,470,360
同志社大学.csv,中田爽太,左,京大以外,右,なし,1塁,2,外,フォーク,真中,ゴロ,C,444,390
同志社大学.csv,中田爽太,左,京大以外,右,なし,1塁,0,内,ストレート,真中,ゴロ,B,542,467
同志社大学.csv,中田爽太,左,京大以外,右,なし,1塁,1,真中,スライダー,低め,フライ,C,204,548
近畿大学.csv,八幡大介,左,京大以外,左,なし,なし,0,内,ストレート,真中,フライ,B,284,680
近畿大学.csv,八幡大介,左,京大以外,左,なし,なし,1,内,スライダー,高め,フライ,B,332,218
近畿大学.csv,松谷憲伸,右,京大以外,左,なし,1塁,2,内,スライダー,低め,フライ,B,585,309
近畿大学.csv,久保尊,左,京大以外,左,なし,1塁,1,真中,カットボール,高め,フライ,B,536,168
同志社大学.csv,土屋璃空,左,京大以外,右,なし,なし,1,外,フォーク,低め,ゴロ,A,552,316
同志社大学.csv,大江嶺,右,京大以外,右,なし,得点圏,0,内,カーブ,真中,フライ,A,2,186
同志社大学.csv,新垣瑞稀,左,京大以外,右,なし,なし,0,外,ストレート,高め,ゴロ,B,282,371
同志社大学.csv,齊藤佑征,左,京大以外,右,なし,なし,1,真中,ストレート,真中,フライ,A,488,128
同志社大学.csv,辻井心,右,京大以外,右,なし,得点圏,0,外,ストレート,高め,フライ,A,396,707
近畿大学.csv,岩本聖冬生,左,京大以外,左,なし,なし,2,真中,カットボール,高め,フライ,C,117,435
近畿大学.csv,岩本聖冬生,左,京大以外,左,なし,なし,2,真中,カットボール,低め,ゴロ,B,391,260
近畿大学.csv,渡辺崇仁,右,京大以外,左,なし,1塁,0,真中,カットボール,低め,ゴロ,C,180,538
近畿大学.csv,渡辺崇仁,右,京大以外,左,なし,1塁,1,内,カットボール,真中,ライナー,B,100,515
近畿大学.csv,三木太介,右,京大以外,左,なし,1塁,0,外,カットボール,真中,ゴロ,B,354,374
同志社大学.csv,中田爽太,左,京大以外,右,なし,なし,1,内,スライダー,真中,ゴロ,C,397,646
同志社大学.csv,影山智紀,右,京大以外,右,なし,1塁,0,外,ストレート,真中,ゴロ,C,467,382
同志社大学.csv,牧原優太,左,京大以外,右,なし,得点圏,1,真中,ストレート,低め,ライナー,A,519,320
同志社大学.csv,大江嶺,右,京大以外,右,なし,得点圏,0,真中,ストレート,高め,ゴロ,B,189,522
同志社大学.csv,大江嶺,右,京大以外,右,なし,得点圏,1,内,スライダー,真中,ライナー,B,409,268
同志社大学.csv,新垣瑞稀,左,京大以外,右,なし,得点圏,0,外,ストレート,低め,ゴロ,C,391,558
近畿大学.csv,平沢剛,右,京大以外,左,なし,なし,1,内,カットボール,真中,フライ,C,498,418
近畿大学.csv,菅真大,左,京大以外,左,なし,なし,0,内,ストレート,高め,ゴロ,B,356,374
近畿大学.csv,八幡大介,左,京大以外,左,なし,1塁,2,内,カットボール,真中,ライナー,B,94,483
近畿大学.csv,八幡大介,左,京大以外,左,なし,1塁,2,真中,スライダー,真中,ライナー,B,154,541
近畿大学.csv,八幡大介,左,京大以外,左,なし,1塁,2,内,ストレート,真中,フライ,C,105,449
近畿大学.csv,八幡大介,左,京大以外,左,なし,1塁,2,内,スライダー,低め,ゴロ,C,345,414
近畿大学.csv,高良鷹二郎,右,京大以外,左,なし,得点圏,0,内,カットボール,高め,ゴロ,B,178,529
近畿大学.csv,高良鷹二郎,右,京大以外,左,なし,得点圏,1,真中,カットボール,低め,ライナー,B,385,682
近畿大学.csv,高良鷹二郎,右,京大以外,左,なし,得点圏,2,内,ストレート,真中,ライナー,C,200,366
近畿大学.csv,松谷憲伸,右,京大以外,左,なし,1塁,1,真中,カットボール,低め,フライ,B,450,689
近畿大学.csv,松谷憲伸,右,京大以外,左,なし,1塁,1,真中,カットボール,低め,ライナー,B,122,508
近畿大学.csv,松谷憲伸,右,京大以外,左,なし,1塁,2,真中,スライダー,低め,ゴロ,C,200,582
同志社大学.csv,齊藤佑征,左,京大以外,右,なし,なし,2,外,ストレート,高め,ゴロ,B,231,306
同志社大学.csv,北田陸斗,左,京大以外,右,なし,得点圏,1,真中,ツーシーム,高め,フライ,B,599,235
同志社大学.csv,中田爽太,左,京大以外,右,なし,得点圏,2,内,ストレート,低め,フライ,C,290,658
同志社大学.csv,土屋璃空,左,京大以外,右,なし,得点圏,2,真中,ストレート,高め,フライ,B,323,671
同志社大学.csv,土屋璃空,左,京大以外,右,なし,得点圏,2,外,チェンジアップ,低め,ゴロ,B,544,329
同志社大学.csv,影山智紀,右,京大以外,右,なし,得点圏,2,外,チェンジアップ,低め,ライナー,B,565,293
近畿大学.csv,久保尊,左,京大以外,左,なし,なし,2,内,ストレート,高め,フライ,B,88,458
近畿大学.csv,岩本聖冬生,左,京大以外,左,なし,なし,0,真中,カットボール,真中,ゴロ,A,369,270
近畿大学.csv,渡辺崇仁,右,京大以外,左,なし,1塁,0,真中,スライダー,低め,ゴロ,C,214,573
近畿大学.csv,渡辺崇仁,右,京大以外,左,なし,1塁,1,真中,カットボール,真中,ライナー,A,235,310
近畿大学.csv,三木太介,右,京大以外,左,なし,得点圏,1,真中,ストレート,真中,ライナー,A,392,277
近畿大学.csv,平沢剛,右,京大以外,左,なし,得点圏,1,内,ストレート,高め,フライ,B,349,262
近畿大学.csv,菅真大,左,京大以外,左,なし,得点圏,0,外,ストレート,高め,フライ,C,248,644
近畿大学.csv,菅真大,左,京大以外,左,なし,得点圏,2,真中,スライダー,低め,ライナー,B,523,320
近畿大学.csv,八幡大介,左,京大以外,左,なし,得点圏,1,内,カットボール,高め,ライナー,C,345,317
同志社大学.csv,牧原優太,左,京大以外,右,なし,なし,1,外,カーブ,低め,ゴロ,B,406,263
同志社大学.csv,大江嶺,右,京大以外,右,なし,1塁,0,真中,ストレート,真中,ゴロ,B,350,267
同志社大学.csv,齊藤佑征,左,京大以外,右,なし,得点圏,1,外,ストレート,高め,フライ,B,41,396
同志社大学.csv,齊藤佑征,左,京大以外,右,なし,得点圏,2,外,チェンジアップ,真中,フライ,A,560,171
同志社大学.csv,中田爽太,左,京大以外,右,なし,得点圏,0,真中,ストレート,真中,ライナー,A,533,318
同志社大学.csv,土屋璃空,左,京大以外,右,なし,得点圏,0,外,ストレート,真中,ゴロ,B,404,264
同志社大学.csv,牧原優太,左,京大以外,右,なし,得点圏,1,真中,ストレート,低め,フライ,C,194,298
近畿大学.csv,伊藤愛都,左,京大以外,左,なし,なし,2,真中,ストレート,高め,ゴロ,A,549,307
近畿大学.csv,松谷憲伸,右,京大以外,左,なし,1塁,0,外,スライダー,低め,ゴロ,B,230,450
近畿大学.csv,久保尊,左,京大以外,左,なし,なし,0,内,ストレート,真中,ゴロ,B,516,433
同志社大学.csv,大江嶺,右,京大以外,右,なし,なし,0,真中,チェンジアップ,高め,フライ,B,394,690
同志社大学.csv,大江嶺,右,京大以外,右,なし,なし,1,真中,チェンジアップ,低め,フライ,B,360,164
同志社大学.csv,新垣瑞稀,左,京大以外,右,なし,なし,2,真中,ストレート,真中,ゴロ,B,494,434
同志社大学.csv,齊藤佑征,左,京大以外,右,なし,なし,2,内,ストレート,低め,ライナー,B,340,298
同志社大学.csv,辻井心,右,京大以外,右,なし,得点圏,2,内,ストレート,真中,ゴロ,A,250,297
同志社大学.csv,北田陸斗,左,京大以外,右,なし,1塁,1,内,ストレート,高め,フライ,C,215,524
近畿大学.csv,岩本聖冬生,左,京大以外,右,なし,なし,1,内,ストレート,低め,ゴロ,C,402,648
近畿大学.csv,岩本聖冬生,左,京大以外,右,なし,なし,2,内,チェンジアップ,低め,フライ,C,520,300
近畿大学.csv,三木太介,右,京大以外,右,なし,1塁,1,真中,ツーシーム,高め,ライナー,A,248,408
近畿大学.csv,平沢剛,右,京大以外,右,なし,1塁,2,外,ストレート,低め,ゴロ,B,380,482
同志社大学.csv,近藤勝輝,左,京大以外,右,なし,なし,2,真中,スライダー,高め,フライ,A,707,233
同志社大学.csv,影山智紀,右,京大以外,右,なし,得点圏,1,真中,ストレート,低め,ゴロ,C,236,422
同志社大学.csv,中島幹大,左,京大以外,右,なし,得点圏,2,外,フォーク,低め,ゴロ,C,376,480
同志社大学.csv,大江嶺,右,京大以外,右,なし,得点圏,2,真中,フォーク,高め,ゴロ,B,174,456
近畿大学.csv,菅真大,左,京大以外,右,なし,なし,0,外,ストレート,高め,フライ,C,274,370
近畿大学.csv,八幡大介,左,京大以外,右,なし,なし,0,内,ストレート,低め,ゴロ,C,465,419
近畿大学.csv,伊藤愛都,左,京大以外,右,なし,なし,1,外,ストレート,低め,ゴロ,B,285,369
立命館大学.csv,能美省吾,右,京大以外,左,なし,なし,0,外,ストレート,真中,フライ,C,461,320
立命館大学.csv,川端一正,左,京大以外,左,なし,なし,2,外,ストレート,高め,ライナー,B,247,236
立命館大学.csv,福井一颯,右,京大以外,左,なし,なし,2,内,ストレート,真中,ゴロ,C,359,487
関西学院大学.csv,中川将心,右,京大以外,左,なし,なし,0,外,ストレート,真中,ゴロ,B,229,304
関西学院大学.csv,渡部遥斗,左,京大以外,左,なし,1塁,2,外,ツーシーム,真中,ゴロ,C,387,674
関西学院大学.csv,渡部遥斗,左,京大以外,左,なし,1塁,2,外,ストレート,高め,ゴロ,C,479,594
関西学院大学.csv,渡部遥斗,左,京大以外,左,なし,1塁,2,外,ストレート,高め,ゴロ,B,542,353
関西学院大学.csv,新井亮規浩,左,京大以外,左,なし,得点圏,0,内,ツーシーム,高め,ゴロ,B,501,429
立命館大学.csv,星野大和,右,京大以外,左,なし,なし,0,外,ストレート,真中,ライナー,B,243,388
立命館大学.csv,岩間倫太朗,左,京大以外,左,なし,なし,0,外,ストレート,真中,ゴロ,A,551,330
立命館大学.csv,平田全,右,京大以外,左,なし,1塁,0,外,ストレート,高め,ライナー,B,373,689
立命館大学.csv,平田全,右,京大以外,左,なし,1塁,1,外,ストレート,真中,ライナー,A,285,129
関西学院大学.csv,宮原大和,左,京大以外,左,なし,なし,0,真中,ストレート,高め,ゴロ,B,524,450
関西学院大学.csv,藤原悠宇,右,京大以外,左,なし,得点圏,1,内,ストレート,高め,ライナー,B,375,686
関西学院大学.csv,藤原悠宇,右,京大以外,左,なし,得点圏,2,内,スライダー,低め,ゴロ,B,221,445
関西学院大学.csv,村亮佑,左,京大以外,左,なし,得点圏,0,真中,ツーシーム,真中,ゴロ,C,453,608
関西学院大学.csv,村亮佑,左,京大以外,左,なし,得点圏,1,内,ツーシーム,高め,ライナー,B,167,580
立命館大学.csv,丸岡優太,右,京大以外,左,なし,なし,1,真中,ストレート,低め,ライナー,B,183,369
立命館大学.csv,川端一正,左,京大以外,左,なし,得点圏,2,真中,ストレート,低め,ライナー,B,152,571
立命館大学.csv,福井一颯,右,京大以外,左,なし,得点圏,0,内,ストレート,高め,ライナー,B,103,438
立命館大学.csv,福井一颯,右,京大以外,左,なし,得点圏,2,外,フォーク,高め,ゴロ,C,381,481
関西学院大学.csv,中川将心,右,京大以外,左,なし,なし,1,真中,スライダー,低め,フライ,B,20,366
関西学院大学.csv,高山隼,左,京大以外,左,なし,なし,2,外,ストレート,真中,ゴロ,B,334,346
関西学院大学.csv,渡部遥斗,左,京大以外,左,なし,1塁,0,外,ストレート,高め,ゴロ,B,283,362
関西学院大学.csv,新井亮規浩,左,京大以外,左,なし,1塁,1,外,ストレート,真中,ゴロ,B,337,324
立命館大学.csv,西野啓也,右,京大以外,左,なし,なし,0,真中,フォーク,高め,ゴロ,B,137,510
立命館大学.csv,西野啓也,右,京大以外,左,なし,なし,1,外,ストレート,高め,ゴロ,C,289,440
立命館大学.csv,平田全,右,京大以外,左,なし,1塁,0,外,フォーク,真中,ゴロ,B,269,364
関西学院大学.csv,福谷宇楽,右,京大以外,左,なし,なし,1,外,ストレート,高め,ゴロ,B,369,481
関西学院大学.csv,小林舜,左,京大以外,左,なし,1塁,1,外,ストレート,真中,ゴロ,C,391,354
関西学院大学.csv,藤原悠宇,右,京大以外,左,なし,1塁,1,外,ツーシーム,低め,ゴロ,C,337,640
関西学院大学.csv,藤原悠宇,右,京大以外,左,なし,1塁,2,内,ツーシーム,低め,ゴロ,C,203,570
関西学院大学.csv,村亮佑,左,京大以外,左,なし,得点圏,0,外,ストレート,高め,ライナー,B,260,288
関西学院大学.csv,中川将心,右,京大以外,左,なし,得点圏,1,外,ツーシーム,低め,ライナー,B,241,315
関西学院大学.csv,高山隼,左,京大以外,左,なし,得点圏,0,真中,ストレート,低め,ゴロ,B,547,490
関西学院大学.csv,高山隼,左,京大以外,左,なし,得点圏,2,外,ストレート,高め,フライ,B,372,176
立命館大学.csv,丸岡優太,右,京大以外,左,なし,なし,2,外,フォーク,低め,フライ,B,292,181
立命館大学.csv,神谷倖士朗,右,京大以外,左,なし,なし,0,外,ストレート,低め,フライ,C,387,694
立命館大学.csv,能美省吾,右,京大以外,左,なし,なし,0,真中,ストレート,高め,ライナー,B,472,352
関西学院大学.csv,渡部遥斗,左,京大以外,左,なし,なし,0,真中,ストレート,低め,ライナー,A,521,300
関西学院大学.csv,新井亮規浩,左,京大以外,左,なし,1塁,0,外,ツーシーム,真中,ゴロ,B,547,336
関西学院大学.csv,宮原大和,左,京大以外,左,なし,得点圏,0,外,ツーシーム,低め,ライナー,B,417,184
関西学院大学.csv,小林舜,左,京大以外,左,なし,得点圏,1,内,ストレート,高め,ライナー,B,147,513
立命館大学.csv,川端一正,左,京大以外,左,なし,なし,1,外,スライダー,低め,ゴロ,C,502,432
立命館大学.csv,星野大和,右,京大以外,左,なし,なし,1,外,フォーク,高め,ゴロ,B,217,316
立命館大学.csv,西野啓也,右,京大以外,左,なし,1塁,0,内,スライダー,真中,フライ,C,601,517
立命館大学.csv,西野啓也,右,京大以外,左,なし,1塁,1,外,フォーク,低め,フライ,B,334,239
関西学院大学.csv,藤原悠宇,右,京大以外,左,なし,なし,2,外,ツーシーム,低め,ゴロ,B,506,430
関西学院大学.csv,村亮佑,左,京大以外,左,なし,なし,2,内,ストレート,真中,ゴロ,B,476,397
立命館大学.csv,岩間倫太朗,左,京大以外,左,なし,なし,1,外,ストレート,真中,フライ,A,433,43
立命館大学.csv,平田全,右,京大以外,左,なし,なし,0,外,フォーク,高め,ゴロ,C,351,674
立命館大学.csv,平田全,右,京大以外,左,なし,なし,2,外,フォーク,真中,ゴロ,B,331,334
立命館大学.csv,丸岡優太,右,京大以外,左,なし,なし,2,内,スライダー,高め,ゴロ,C,271,474
立命館大学.csv,神谷倖士朗,右,京大以外,左,なし,なし,2,外,ストレート,低め,フライ,A,257,166
立命館大学.csv,能美省吾,右,京大以外,左,なし,得点圏,2,真中,フォーク,高め,フライ,B,331,194
関西学院大学.csv,渡部遥斗,左,京大以外,左,なし,なし,1,真中,ストレート,真中,フライ,B,96,321
関西学院大学.csv,新井亮規浩,左,京大以外,左,なし,なし,0,内,ストレート,高め,フライ,B,322,668
関西学院大学.csv,新井亮規浩,左,京大以外,左,なし,なし,2,外,ストレート,高め,ゴロ,B,321,332
立命館大学.csv,星野大和,右,京大以外,左,なし,得点圏,0,外,フォーク,真中,ゴロ,B,235,422
立命館大学.csv,西野啓也,右,京大以外,左,なし,得点圏,1,内,スライダー,低め,ゴロ,B,147,572
関西学院大学.csv,小林舜,左,京大以外,左,なし,なし,0,真中,ストレート,真中,ゴロ,A,257,286
関西学院大学.csv,中川将心,右,京大以外,左,なし,得点圏,1,内,ストレート,高め,フライ,C,491,288
立命館大学.csv,岩間倫太朗,左,京大以外,左,なし,得点圏,2,外,スライダー,真中,フライ,C,251,521
立命館大学.csv,平田全,右,京大以外,左,なし,なし,0,外,フォーク,低め,ゴロ,C,182,495
立命館大学.csv,平田全,右,京大以外,左,なし,なし,2,外,フォーク,低め,フライ,B,515,214
同志社大学.csv,土屋璃空,左,京大以外,左,なし,なし,0,真中,ストレート,高め,ゴロ,B,358,260
同志社大学.csv,影山智紀,右,京大以外,左,なし,なし,1,外,チェンジアップ,高め,ゴロ,C,274,433
近畿大学.csv,久保尊,左,京大以外,右,なし,なし,1,外,ツーシーム,真中,ライナー,A,538,288
近畿大学.csv,渡辺崇仁,右,京大以外,右,なし,得点圏,2,外,ストレート,真中,ゴロ,C,554,497
近畿大学.csv,三木太介,右,京大以外,右,なし,得点圏,2,内,ツーシーム,高め,フライ,C,403,697
近畿大学.csv,平沢剛,右,京大以外,右,なし,得点圏,0,外,スライダー,高め,ゴロ,C,168,511
近畿大学.csv,平沢剛,右,京大以外,右,なし,得点圏,1,外,ストレート,真中,ライナー,B,394,704
近畿大学.csv,平沢剛,右,京大以外,右,なし,得点圏,2,外,ストレート,高め,ライナー,B,391,670
近畿大学.csv,平沢剛,右,京大以外,右,なし,得点圏,2,内,ツーシーム,低め,ライナー,B,460,350
同志社大学.csv,大江嶺,右,京大以外,左,なし,なし,2,外,チェンジアップ,真中,フライ,B,312,140
同志社大学.csv,齊藤佑征,左,京大以外,左,なし,なし,0,内,スライダー,高め,フライ,C,377,677
同志社大学.csv,齊藤佑征,左,京大以外,左,なし,なし,2,外,ストレート,真中,ライナー,B,346,697
同志社大学.csv,辻井心,右,京大以外,左,なし,1塁,1,真中,チェンジアップ,高め,フライ,B,378,698
同志社大学.csv,辻井心,右,京大以外,左,なし,1塁,2,外,ストレート,高め,フライ,B,392,714
同志社大学.csv,新垣瑞稀,左,京大以外,左,なし,得点圏,0,外,ストレート,高め,ゴロ,B,309,342
同志社大学.csv,佐藤悠斗,右,京大以外,左,なし,得点圏,1,真中,ストレート,高め,ゴロ,A,90,344
同志社大学.csv,土屋璃空,左,京大以外,左,なし,得点圏,1,外,ストレート,低め,ゴロ,B,478,426
同志社大学.csv,影山智紀,右,京大以外,左,なし,得点圏,1,外,チェンジアップ,真中,ライナー,B,604,520
近畿大学.csv,菅真大,左,京大以外,右,なし,なし,2,内,スライダー,真中,ゴロ,C,491,580
近畿大学.csv,伊藤愛都,左,京大以外,右,なし,得点圏,2,真中,ストレート,高め,ライナー,A,622,249
近畿大学.csv,松谷憲伸,右,京大以外,右,なし,1塁,0,外,カットボール,真中,ライナー,B,200,310
近畿大学.csv,久保尊,左,京大以外,右,なし,1塁,0,内,カットボール,高め,ライナー,A,570,355
近畿大学.csv,岩本聖冬生,左,京大以外,右,なし,得点圏,2,外,ストレート,高め,フライ,B,287,680
同志社大学.csv,牧原優太,左,京大以外,左,なし,なし,0,真中,ストレート,低め,ゴロ,B,398,313
同志社大学.csv,大江嶺,右,京大以外,左,なし,1塁,2,外,ストレート,真中,フライ,B,392,700
同志社大学.csv,大江嶺,右,京大以外,左,なし,1塁,2,内,ストレート,高め,フライ,B,408,700
同志社大学.csv,齊藤佑征,左,京大以外,左,なし,なし,1,真中,ストレート,真中,フライ,A,674,250
同志社大学.csv,辻井心,右,京大以外,左,なし,得点圏,1,真中,チェンジアップ,真中,フライ,C,476,292
近畿大学.csv,渡辺崇仁,右,京大以外,右,なし,なし,1,外,ツーシーム,低め,フライ,C,306,305
近畿大学.csv,三木太介,右,京大以外,右,なし,なし,1,外,カットボール,高め,ゴロ,C,211,549
近畿大学.csv,三木太介,右,京大以外,右,なし,なし,2,外,カットボール,真中,ゴロ,C,324,662
近畿大学.csv,三木太介,右,京大以外,右,なし,なし,2,外,ストレート,高め,フライ,C,574,368
近畿大学.csv,平沢剛,右,京大以外,右,なし,なし,0,真中,ストレート,真中,ライナー,B,393,690
近畿大学.csv,平沢剛,右,京大以外,右,なし,なし,1,外,カットボール,低め,ゴロ,C,341,664
近畿大学.csv,平沢剛,右,京大以外,右,なし,なし,2,外,ストレート,高め,フライ,B,604,266
同志社大学.csv,新垣瑞稀,左,京大以外,左,なし,なし,0,外,スライダー,低め,フライ,C,436,284
同志社大学.csv,中田爽太,左,京大以外,左,なし,得点圏,0,外,ストレート,高め,ゴロ,C,439,345
同志社大学.csv,土屋璃空,左,京大以外,左,なし,得点圏,0,外,ストレート,高め,ゴロ,B,356,269
同志社大学.csv,影山智紀,右,京大以外,左,なし,1塁,0,外,ストレート,真中,フライ,A,404,129
近畿大学.csv,菅真大,左,京大以外,右,なし,なし,1,真中,ストレート,高め,フライ,B,366,700
近畿大学.csv,八幡大介,左,京大以外,右,なし,なし,1,真中,ストレート,高め,フライ,B,339,692
近畿大学.csv,八幡大介,左,京大以外,右,なし,なし,2,外,ストレート,低め,ライナー,B,348,680
近畿大学.csv,八幡大介,左,京大以外,右,なし,なし,2,内,ストレート,高め,フライ,C,526,296
近畿大学.csv,伊藤愛都,左,京大以外,右,なし,なし,1,真中,ストレート,高め,ゴロ,B,537,414
同志社大学.csv,牧原優太,左,京大以外,左,なし,なし,0,内,スライダー,高め,ライナー,B,337,688
同志社大学.csv,牧原優太,左,京大以外,左,なし,なし,1,外,ストレート,真中,ゴロ,B,280,371
同志社大学.csv,大江嶺,右,京大以外,左,なし,なし,0,外,チェンジアップ,低め,ゴロ,C,333,676
同志社大学.csv,大江嶺,右,京大以外,左,なし,なし,2,真中,ストレート,高め,ゴロ,B,216,322
同志社大学.csv,辻井心,右,京大以外,右,なし,得点圏,1,真中,スライダー,低め,フライ,B,393,229
同志社大学.csv,新垣瑞稀,左,京大以外,右,なし,得点圏,1,内,チェンジアップ,真中,ゴロ,C,348,660
同志社大学.csv,佐藤悠斗,右,京大以外,右,なし,得点圏,2,外,ストレート,高め,フライ,B,424,274
同志社大学.csv,中田爽太,左,京大以外,右,なし,得点圏,0,内,ストレート,真中,ゴロ,B,516,364
近畿大学.csv,久保尊,左,京大以外,右,なし,なし,1,真中,カットボール,真中,フライ,C,290,354
近畿大学.csv,岩本聖冬生,左,京大以外,右,なし,なし,0,真中,ストレート,低め,フライ,B,41,422
近畿大学.csv,渡辺崇仁,右,京大以外,右,なし,なし,1,外,スライダー,低め,ゴロ,B,128,525
近畿大学.csv,渡辺崇仁,右,京大以外,右,なし,なし,2,外,ストレート,真中,フライ,B,541,321
同志社大学.csv,牧原優太,左,京大以外,右,なし,なし,0,外,チェンジアップ,真中,フライ,B,299,188
同志社大学.csv,大江嶺,右,京大以外,右,なし,なし,2,内,ストレート,真中,ゴロ,B,328,359
近畿大学.csv,三木太介,右,京大以外,右,なし,なし,0,内,カットボール,高め,フライ,B,381,680
近畿大学.csv,三木太介,右,京大以外,右,なし,なし,1,外,カーブ,真中,ゴロ,C,352,407
近畿大学.csv,平沢剛,右,京大以外,右,なし,なし,1,外,ストレート,高め,ゴロ,B,346,322
近畿大学.csv,菅真大,左,京大以外,右,なし,なし,2,外,ストレート,高め,フライ,C,340,660
同志社大学.csv,佐藤悠斗,右,京大以外,右,なし,得点圏,0,外,スライダー,真中,ゴロ,B,319,340
近畿大学.csv,八幡大介,左,京大以外,右,なし,なし,2,外,フォーク,低め,フライ,B,283,282
近畿大学.csv,伊藤愛都,左,京大以外,右,なし,1塁,1,内,ツーシーム,高め,ゴロ,B,534,450
近畿大学.csv,高良鷹二郎,右,京大以外,右,なし,得点圏,0,内,カットボール,真中,ライナー,B,380,679
近畿大学.csv,高良鷹二郎,右,京大以外,右,なし,得点圏,2,内,ストレート,真中,フライ,B,285,680
近畿大学.csv,岩本聖冬生,左,京大以外,左,なし,得点圏,2,外,ストレート,低め,ライナー,B,176,601
同志社大学.csv,中田爽太,左,京大以外,右,なし,なし,0,真中,スライダー,真中,ゴロ,A,549,310
同志社大学.csv,影山智紀,右,京大以外,右,なし,得点圏,0,外,ストレート,真中,フライ,B,678,420
同志社大学.csv,影山智紀,右,京大以外,右,なし,得点圏,2,外,フォーク,真中,ゴロ,C,220,550
同志社大学.csv,影山智紀,右,京大以外,右,なし,得点圏,2,外,スライダー,真中,フライ,C,676,403
同志社大学.csv,影山智紀,右,京大以外,右,なし,得点圏,2,外,フォーク,真中,ゴロ,B,344,365
同志社大学.csv,牧原優太,左,京大以外,右,なし,得点圏,1,外,フォーク,低め,ライナー,C,106,540
同志社大学.csv,牧原優太,左,京大以外,右,なし,得点圏,2,内,チェンジアップ,真中,ゴロ,B,597,498
同志社大学.csv,牧原優太,左,京大以外,右,なし,得点圏,2,内,ストレート,真中,ゴロ,B,518,430
近畿大学.csv,渡辺崇仁,右,京大以外,右,なし,なし,1,内,スライダー,真中,ライナー,A,10,174
近畿大学.csv,三木太介,右,京大以外,右,なし,なし,0,内,スライダー,高め,ライナー,B,472,282
近畿大学.csv,平沢剛,右,京大以外,右,なし,1塁,0,真中,ストレート,低め,ライナー,A,468,350
近畿大学.csv,菅真大,左,京大以外,右,なし,1塁,1,外,ストレート,高め,フライ,B,188,294
同志社大学.csv,近藤勝輝,左,京大以外,右,なし,なし,1,外,カーブ,低め,ライナー,B,348,688
同志社大学.csv,近藤勝輝,左,京大以外,右,なし,なし,2,真中,チェンジアップ,高め,ライナー,B,349,695
同志社大学.csv,近藤勝輝,左,京大以外,右,なし,なし,2,内,ストレート,高め,ゴロ,C,409,648
同志社大学.csv,齊藤佑征,左,京大以外,右,なし,なし,1,外,チェンジアップ,高め,フライ,C,228,332
同志社大学.csv,辻井心,右,京大以外,右,なし,なし,0,真中,ストレート,高め,ライナー,B,642,408
同志社大学.csv,辻井心,右,京大以外,右,なし,なし,1,内,ストレート,高め,ゴロ,B,245,410
近畿大学.csv,八幡大介,左,京大以外,右,なし,なし,1,内,スライダー,高め,ゴロ,B,292,360
近畿大学.csv,岸本紘一,右,京大以外,右,なし,なし,1,内,ストレート,真中,ライナー,B,582,540
近畿大学.csv,岸本紘一,右,京大以外,右,なし,なし,2,外,ストレート,低め,ライナー,B,563,552
近畿大学.csv,岸本紘一,右,京大以外,右,なし,なし,2,真中,ストレート,高め,ゴロ,B,402,324
近畿大学.csv,近澤賢虎,右,京大以外,右,なし,なし,1,内,ストレート,真中,フライ,B,444,678
近畿大学.csv,近澤賢虎,右,京大以外,右,なし,なし,2,内,ストレート,真中,フライ,B,554,316
関西学院大学.csv,中川将心,右,京大以外,左,なし,なし,1,真中,スライダー,真中,ライナー,B,388,686
関西学院大学.csv,中川将心,右,京大以外,左,なし,なし,1,外,ストレート,真中,ライナー,B,610,504
関西学院大学.csv,高山隼,左,京大以外,左,なし,なし,2,内,ストレート,高め,ライナー,C,499,304
関西学院大学.csv,渡部遥斗,左,京大以外,左,なし,1塁,0,真中,ストレート,低め,ゴロ,C,475,448
関西学院大学.csv,宮原大和,左,京大以外,左,なし,1塁,0,外,カットボール,真中,フライ,C,325,336
関西大学.csv,金森洸喜,左,京大以外,左,なし,なし,0,真中,ストレート,高め,フライ,B,345,694
関西大学.csv,金森洸喜,左,京大以外,左,なし,なし,2,内,ストレート,低め,ゴロ,B,286,361
関西大学.csv,山本峻輔,左,京大以外,左,なし,なし,0,内,スライダー,低め,フライ,B,443,133
関西大学.csv,宮本青空,左,京大以外,左,なし,得点圏,0,内,ストレート,真中,フライ,C,193,348
関西大学.csv,澤村凪人,右,京大以外,左,なし,得点圏,2,外,ストレート,高め,フライ,B,612,233
関西学院大学.csv,小林舜,左,京大以外,左,なし,なし,1,真中,ストレート,低め,ゴロ,A,313,339
関西大学.csv,加藤蔵乃介,左,京大以外,左,なし,なし,1,内,ストレート,真中,ライナー,C,168,593
関西学院大学.csv,谷口功晟,右,京大以外,左,なし,なし,0,真中,カットボール,低め,ゴロ,B,266,442
関西学院大学.csv,村亮佑,左,京大以外,左,なし,なし,1,真中,カットボール,高め,ゴロ,A,401,247
関西学院大学.csv,中川将心,右,京大以外,左,なし,1塁,0,内,カットボール,真中,ゴロ,C,219,561
関西学院大学.csv,中川将心,右,京大以外,左,なし,1塁,1,真中,ストレート,真中,ライナー,B,397,246
関西大学.csv,金森洸喜,左,京大以外,左,なし,なし,0,内,ストレート,高め,ライナー,B,643,450
関西大学.csv,金森洸喜,左,京大以外,左,なし,なし,1,内,ストレート,真中,ゴロ,B,469,356
関西大学.csv,山本峻輔,左,京大以外,左,なし,なし,1,真中,ストレート,高め,ライナー,B,73,507
関西大学.csv,宮本青空,左,京大以外,左,なし,なし,0,内,ストレート,高め,ゴロ,B,605,458
関西大学.csv,宮本青空,左,京大以外,左,なし,なし,2,外,ストレート,真中,ゴロ,B,370,480
関西大学.csv,澤村凪人,右,京大以外,左,なし,なし,2,内,ストレート,低め,フライ,C,601,496
関西大学.csv,澤村凪人,右,京大以外,左,なし,なし,2,真中,ストレート,真中,フライ,B,203,186
関西大学.csv,加藤蔵乃介,左,京大以外,左,なし,なし,0,真中,ストレート,真中,ゴロ,B,542,316
関西学院大学.csv,藤原悠宇,右,京大以外,左,なし,なし,0,外,カットボール,低め,ゴロ,C,331,669
関西学院大学.csv,藤原悠宇,右,京大以外,左,なし,なし,0,真中,ストレート,低め,ライナー,B,391,684
関西学院大学.csv,小林舜,左,京大以外,左,なし,なし,0,真中,ストレート,真中,ライナー,A,283,159
関西学院大学.csv,村亮佑,左,京大以外,左,なし,得点圏,0,内,ストレート,低め,ゴロ,B,229,437
関西学院大学.csv,中川将心,右,京大以外,左,なし,得点圏,1,外,ストレート,真中,ライナー,B,603,514
関西学院大学.csv,中川将心,右,京大以外,左,なし,得点圏,2,真中,ストレート,高め,フライ,C,624,472
関西学院大学.csv,中川将心,右,京大以外,左,なし,得点圏,2,外,ストレート,高め,ゴロ,B,255,294
関西学院大学.csv,高山隼,左,京大以外,左,なし,得点圏,2,外,カットボール,低め,ゴロ,C,435,377
関西大学.csv,金森洸喜,左,京大以外,左,なし,1塁,0,内,ストレート,高め,ゴロ,B,453,386
関西大学.csv,山本峻輔,左,京大以外,左,なし,なし,2,真中,ストレート,高め,フライ,B,9,360
関西大学.csv,山本峻輔,左,京大以外,左,なし,なし,2,内,ストレート,高め,ゴロ,B,415,640
関西大学.csv,山本峻輔,左,京大以外,左,なし,なし,2,外,フォーク,低め,ゴロ,C,349,679
関西大学.csv,山本峻輔,左,京大以外,左,なし,なし,2,真中,ストレート,低め,フライ,C,267,255
関西学院大学.csv,渡部遥斗,左,京大以外,左,なし,なし,0,真中,カットボール,低め,フライ,B,202,582
関西学院大学.csv,渡部遥斗,左,京大以外,左,なし,なし,2,外,カットボール,真中,ゴロ,C,565,521
関西学院大学.csv,渡部遥斗,左,京大以外,左,なし,なし,2,外,ストレート,真中,ゴロ,C,337,372
関西学院大学.csv,宮原大和,左,京大以外,左,なし,なし,1,外,カットボール,真中,フライ,B,708,308
関西学院大学.csv,宮原大和,左,京大以外,左,なし,なし,2,外,ストレート,真中,ライナー,B,354,690
関西学院大学.csv,宮原大和,左,京大以外,左,なし,なし,2,外,カットボール,真中,フライ,B,206,198
関西学院大学.csv,福谷宇楽,右,京大以外,左,なし,なし,2,外,ストレート,真中,ライナー,A,521,309
関西学院大学.csv,藤原悠宇,右,京大以外,左,なし,得点圏,2,真中,カットボール,真中,フライ,A,142,87
関西学院大学.csv,小林舜,左,京大以外,左,なし,なし,0,真中,カーブ,低め,ライナー,B,533,445
関西学院大学.csv,谷口功晟,右,京大以外,左,なし,1塁,1,真中,ストレート,低め,フライ,C,622,465
関西学院大学.csv,谷口功晟,右,京大以外,左,なし,1塁,2,外,カットボール,低め,ゴロ,C,195,516
関西学院大学.csv,谷口功晟,右,京大以外,左,なし,1塁,2,外,ストレート,低め,ライナー,B,376,674
関西学院大学.csv,谷口功晟,右,京大以外,左,なし,1塁,2,外,カットボール,真中,ゴロ,A,318,338
関西大学.csv,宮本青空,左,京大以外,左,なし,1塁,2,外,ストレート,低め,フライ,C,168,551
関西大学.csv,宮本青空,左,京大以外,左,なし,1塁,2,真中,ストレート,低め,ゴロ,C,443,586
関西大学.csv,宮本青空,左,京大以外,左,なし,1塁,2,外,スライダー,低め,ゴロ,C,432,378
関西学院大学.csv,村亮佑,左,京大以外,右,なし,なし,1,外,ストレート,真中,フライ,A,397,112
関西学院大学.csv,中川将心,右,京大以外,右,なし,なし,0,外,スライダー,低め,フライ,C,462,329
関西大学.csv,澤村凪人,右,京大以外,左,なし,なし,1,外,ストレート,真中,フライ,C,548,589
関西大学.csv,澤村凪人,右,京大以外,左,なし,なし,2,外,フォーク,高め,フライ,C,400,294
関西大学.csv,加藤蔵乃介,左,京大以外,左,なし,なし,0,真中,ストレート,低め,ゴロ,C,581,504
関西大学.csv,加藤蔵乃介,左,京大以外,左,なし,なし,1,外,スライダー,低め,ライナー,C,205,326
関西学院大学.csv,渡部遥斗,左,京大以外,右,なし,なし,1,内,スライダー,真中,フライ,B,529,260
関西学院大学.csv,小林舜,左,京大以外,右,なし,得点圏,1,外,ストレート,真中,ライナー,B,353,687
関西学院大学.csv,小林舜,左,京大以外,右,なし,得点圏,2,外,ストレート,高め,ライナー,B,183,564
関西大学.csv,金森洸喜,左,京大以外,左,なし,なし,0,内,ストレート,低め,ゴロ,B,483,357
関西大学.csv,山本峻輔,左,京大以外,左,なし,なし,2,外,ストレート,真中,ゴロ,C,447,467
関西学院大学.csv,臼井悠真,左,京大以外,右,なし,なし,0,内,フォーク,高め,ライナー,B,349,684
関西学院大学.csv,村亮佑,左,京大以外,右,なし,なし,1,真中,フォーク,低め,ゴロ,C,468,586
関西学院大学.csv,村亮佑,左,京大以外,右,なし,なし,2,真中,フォーク,高め,ライナー,B,552,349
関西学院大学.csv,中川将心,右,京大以外,右,なし,1塁,0,外,スライダー,低め,フライ,C,592,463
関西学院大学.csv,高山隼,左,京大以外,右,なし,得点圏,2,真中,フォーク,低め,ライナー,B,606,416
関西学院大学.csv,高山隼,左,京大以外,右,なし,得点圏,2,内,フォーク,高め,フライ,B,578,294
関西大学.csv,宮本青空,左,京大以外,左,なし,なし,2,外,フォーク,高め,ゴロ,C,375,482
関西大学.csv,澤村凪人,右,京大以外,左,なし,なし,2,外,フォーク,真中,ゴロ,B,454,348
関西大学.csv,加藤蔵乃介,左,京大以外,左,なし,なし,0,外,ストレート,真中,ゴロ,B,410,328
関西学院大学.csv,高山隼,左,京大以外,右,なし,なし,2,内,ストレート,低め,フライ,B,135,562
関西学院大学.csv,高山隼,左,京大以外,右,なし,なし,2,真中,ストレート,高め,ゴロ,A,554,322
関西学院大学.csv,渡部遥斗,左,京大以外,右,なし,得点圏,0,外,ストレート,高め,ライナー,B,340,696
関西学院大学.csv,渡部遥斗,左,京大以外,右,なし,得点圏,2,外,フォーク,真中,ゴロ,B,357,270
関西学院大学.csv,新井亮規浩,左,京大以外,右,なし,得点圏,0,内,フォーク,高め,ライナー,A,501,450
関西学院大学.csv,福谷宇楽,右,京大以外,右,なし,得点圏,1,内,ストレート,真中,ゴロ,B,106,348
立命館大学.csv,能美省吾,右,京大以外,左,なし,なし,1,外,ストレート,真中,フライ,B,666,418
立命館大学.csv,能美省吾,右,京大以外,左,なし,なし,2,外,フォーク,真中,ライナー,B,407,674
立命館大学.csv,能美省吾,右,京大以外,左,なし,なし,2,外,スライダー,低め,ゴロ,B,176,524
立命館大学.csv,能美省吾,右,京大以外,左,なし,なし,2,外,ストレート,真中,ゴロ,B,503,422
立命館大学.csv,川端一正,左,京大以外,左,なし,なし,1,真中,スライダー,真中,ゴロ,B,483,372
立命館大学.csv,福井一颯,右,京大以外,左,なし,なし,1,外,ストレート,高め,ゴロ,B,414,344
関西学院大学.csv,小林舜,左,京大以外,右,なし,なし,0,内,スライダー,高め,ゴロ,C,450,443
関西学院大学.csv,藤原悠宇,右,京大以外,右,なし,なし,2,外,スライダー,真中,フライ,B,524,231
関西学院大学.csv,村亮佑,左,京大以外,右,なし,なし,2,内,スライダー,低め,ライナー,B,651,417
関西学院大学.csv,村亮佑,左,京大以外,右,なし,なし,2,内,ストレート,低め,フライ,C,192,371
関西学院大学.csv,高山隼,左,京大以外,右,なし,1塁,1,外,ストレート,真中,ゴロ,B,416,326
立命館大学.csv,西野啓也,右,京大以外,左,なし,1塁,0,外,スライダー,真中,ゴロ,B,527,302
立命館大学.csv,北川陸翔,左,京大以外,左,なし,得点圏,1,真中,スライダー,高め,フライ,B,73,502
立命館大学.csv,北川陸翔,左,京大以外,左,なし,得点圏,2,外,スライダー,真中,ゴロ,C,442,398
立命館大学.csv,丸岡優太,右,京大以外,左,なし,得点圏,1,外,スライダー,低め,フライ,C,594,540
立命館大学.csv,丸岡優太,右,京大以外,左,なし,得点圏,2,外,ストレート,真中,フライ,C,582,559
立命館大学.csv,丸岡優太,右,京大以外,左,なし,得点圏,2,外,フォーク,低め,ゴロ,C,322,666
立命館大学.csv,丸岡優太,右,京大以外,左,なし,得点圏,2,内,ストレート,低め,フライ,B,242,271
関西学院大学.csv,渡部遥斗,左,京大以外,右,なし,なし,1,内,スライダー,真中,ゴロ,B,544,514
関西学院大学.csv,新井亮規浩,左,京大以外,右,なし,なし,0,外,ストレート,真中,フライ,B,54,445
立命館大学.csv,神谷倖士朗,右,京大以外,左,なし,なし,2,外,ストレート,低め,フライ,A,578,166
立命館大学.csv,能美省吾,右,京大以外,左,なし,なし,1,外,スライダー,低め,ゴロ,B,210,450
立命館大学.csv,川端一正,左,京大以外,左,なし,なし,1,内,ストレート,真中,ゴロ,B,165,526
立命館大学.csv,川端一正,左,京大以外,左,なし,なし,2,外,スライダー,真中,ゴロ,C,454,403
関西学院大学.csv,福谷宇楽,右,京大以外,右,なし,なし,1,真中,カーブ,真中,フライ,B,208,180
関西学院大学.csv,宮原大和,左,京大以外,右,なし,なし,0,内,ストレート,真中,フライ,B,402,118
関西学院大学.csv,小林舜,左,京大以外,右,なし,なし,0,内,スライダー,真中,ゴロ,C,493,572
関西学院大学.csv,小林舜,左,京大以外,右,なし,なし,1,真中,スライダー,低め,ゴロ,B,471,356
立命館大学.csv,福井一颯,右,京大以外,左,なし,なし,1,内,スライダー,高め,ゴロ,A,238,408
立命館大学.csv,星野大和,右,京大以外,左,なし,なし,2,外,スライダー,低め,ゴロ,C,329,663
立命館大学.csv,西野啓也,右,京大以外,左,なし,1塁,1,内,ストレート,低め,ゴロ,A,470,356
関西学院大学.csv,藤原悠宇,右,京大以外,右,なし,なし,0,外,ストレート,低め,ゴロ,C,270,446
関西学院大学.csv,村亮佑,左,京大以外,右,なし,なし,1,真中,スライダー,低め,ライナー,B,554,329
関西学院大学.csv,高山隼,左,京大以外,右,なし,1塁,2,真中,ストレート,高め,フライ,C,416,401
関西学院大学.csv,中川将心,右,京大以外,右,なし,1塁,0,外,スライダー,低め,ゴロ,C,324,344
立命館大学.csv,丸岡優太,右,京大以外,左,なし,得点圏,0,外,スライダー,真中,フライ,A,195,144
立命館大学.csv,神谷倖士朗,右,京大以外,左,なし,得点圏,1,外,スライダー,低め,ゴロ,B,292,359
立命館大学.csv,八瀬山大悟,右,京大以外,左,なし,得点圏,1,外,スライダー,高め,ゴロ,C,248,462
関西学院大学.csv,渡部遥斗,左,京大以外,右,なし,なし,1,外,ストレート,高め,ライナー,B,349,676
関西学院大学.csv,渡部遥斗,左,京大以外,右,なし,なし,2,外,フォーク,高め,フライ,B,204,295
関西学院大学.csv,新井亮規浩,左,京大以外,右,なし,なし,0,外,スライダー,真中,ゴロ,B,280,365
関西学院大学.csv,福谷宇楽,右,京大以外,右,なし,なし,0,真中,ストレート,高め,フライ,B,211,179
立命館大学.csv,川端一正,左,京大以外,左,なし,なし,1,真中,ストレート,高め,フライ,B,265,204
立命館大学.csv,福井一颯,右,京大以外,左,なし,なし,0,真中,ストレート,真中,ゴロ,C,208,548
立命館大学.csv,福井一颯,右,京大以外,左,なし,なし,2,内,ストレート,低め,ゴロ,C,346,662
立命館大学.csv,星野大和,右,京大以外,左,なし,なし,2,真中,チェンジアップ,真中,ライナー,B,622,470
立命館大学.csv,星野大和,右,京大以外,左,なし,なし,2,外,チェンジアップ,低め,ゴロ,B,460,364
関西学院大学.csv,宮原大和,左,京大以外,右,なし,なし,1,内,スライダー,高め,フライ,C,287,292
関西学院大学.csv,小林舜,左,京大以外,右,なし,1塁,0,真中,ストレート,真中,フライ,C,54,435
関西学院大学.csv,藤原悠宇,右,京大以外,右,なし,得点圏,1,外,スライダー,真中,フライ,B,392,690
関西学院大学.csv,村亮佑,左,京大以外,右,なし,得点圏,0,真中,ストレート,高め,ライナー,B,359,685
関西学院大学.csv,高山隼,左,京大以外,右,なし,得点圏,1,内,ストレート,高め,フライ,B,425,158
立命館大学.csv,西野啓也,右,京大以外,右,なし,なし,0,内,ストレート,高め,ゴロ,C,414,396
立命館大学.csv,岩間倫太朗,左,京大以外,右,なし,なし,0,外,ストレート,低め,ライナー,A,498,366
立命館大学.csv,北川陸翔,左,京大以外,右,なし,なし,2,真中,スライダー,高め,フライ,A,622,222
関西学院大学.csv,中川将心,右,京大以外,右,なし,なし,0,内,ストレート,高め,ゴロ,B,354,257
関西学院大学.csv,渡部遥斗,左,京大以外,右,なし,1塁,1,真中,ストレート,高め,ライナー,B,272,663
関西学院大学.csv,臼井悠真,左,京大以外,右,なし,1塁,1,真中,ストレート,真中,フライ,A,508,133
関西学院大学.csv,福谷宇楽,右,京大以外,右,なし,得点圏,1,内,スライダー,真中,ライナー,B,244,290
関西学院大学.csv,宮原大和,左,京大以外,右,なし,得点圏,2,外,ツーシーム,真中,ゴロ,C,198,597
関西学院大学.csv,宮原大和,左,京大以外,右,なし,得点圏,2,真中,チェンジアップ,低め,ゴロ,C,329,652
関西学院大学.csv,宮原大和,左,京大以外,右,なし,得点圏,2,外,ストレート,低め,フライ,B,292,137
関西学院大学.csv,小林舜,左,京大以外,右,なし,得点圏,1,内,ツーシーム,真中,フライ,B,352,698
関西学院大学.csv,小林舜,左,京大以外,右,なし,得点圏,2,内,スライダー,真中,ゴロ,C,598,506
関西学院大学.csv,小林舜,左,京大以外,右,なし,得点圏,2,内,スライダー,高め,ゴロ,C,538,514
関西学院大学.csv,小林舜,左,京大以外,右,なし,得点圏,2,外,ツーシーム,低め,ライナー,B,356,685
関西学院大学.csv,小林舜,左,京大以外,右,なし,得点圏,2,真中,チェンジアップ,低め,ゴロ,C,237,576
関西学院大学.csv,小林舜,左,京大以外,右,なし,得点圏,2,外,ストレート,高め,ライナー,B,94,477
関西学院大学.csv,小林舜,左,京大以外,右,なし,得点圏,2,内,スライダー,真中,ゴロ,B,545,490
関西学院大学.csv,藤原悠宇,右,京大以外,右,なし,得点圏,0,真中,ストレート,低め,ライナー,A,378,673
関西学院大学.csv,藤原悠宇,右,京大以外,右,なし,得点圏,2,真中,チェンジアップ,低め,ゴロ,A,317,335
関西学院大学.csv,村亮佑,左,京大以外,右,なし,1塁,1,外,ツーシーム,真中,ゴロ,B,174,562
関西学院大学.csv,村亮佑,左,京大以外,右,なし,1塁,2,外,ツーシーム,真中,ライナー,A,242,295
立命館大学.csv,丸岡優太,右,京大以外,左,なし,1塁,1,外,ストレート,真中,ゴロ,B,255,289
立命館大学.csv,神谷倖士朗,右,京大以外,左,なし,1塁,2,外,チェンジアップ,低め,ゴロ,B,222,434
立命館大学.csv,築山隆翔,左,京大以外,左,なし,1塁,1,外,チェンジアップ,低め,ゴロ,B,228,299
立命館大学.csv,平田全,右,京大以外,左,なし,得点圏,0,外,チェンジアップ,高め,ライナー,A,300,338
関西学院大学.csv,臼井悠真,左,京大以外,右,なし,1塁,2,真中,ツーシーム,低め,フライ,B,102,392
関西学院大学.csv,福谷宇楽,右,京大以外,右,なし,1塁,0,外,スライダー,真中,ゴロ,B,304,358
立命館大学.csv,星野大和,右,京大以外,左,なし,1塁,0,外,チェンジアップ,高め,ライナー,B,494,296
立命館大学.csv,西野啓也,右,京大以外,左,なし,得点圏,1,外,チェンジアップ,真中,ゴロ,C,374,490
立命館大学.csv,北川陸翔,左,京大以外,左,なし,得点圏,1,外,ストレート,低め,ゴロ,C,380,670
立命館大学.csv,丸岡優太,右,京大以外,左,なし,得点圏,1,外,ストレート,低め,フライ,C,558,580
立命館大学.csv,丸岡優太,右,京大以外,左,なし,得点圏,2,外,チェンジアップ,低め,フライ,C,560,474
関西大学.csv,金森洸喜,左,京大以外,左,なし,なし,2,外,スライダー,低め,フライ,C,152,574
関西大学.csv,宮本青空,左,京大以外,左,なし,得点圏,0,真中,ストレート,真中,ライナー,C,332,670
関西大学.csv,宮本青空,左,京大以外,左,なし,得点圏,2,外,フォーク,真中,ゴロ,C,557,538
関西大学.csv,宮本青空,左,京大以外,左,なし,得点圏,2,外,ストレート,高め,ゴロ,B,465,384
関西大学.csv,澤村凪人,右,京大以外,左,なし,得点圏,2,外,フォーク,真中,ゴロ,C,237,459
関西大学.csv,加藤蔵乃介,左,京大以外,左,なし,得点圏,1,内,ストレート,真中,ライナー,A,340,690
関西大学.csv,加藤蔵乃介,左,京大以外,左,なし,得点圏,2,外,スライダー,低め,ゴロ,C,538,513
関西大学.csv,加藤蔵乃介,左,京大以外,左,なし,得点圏,2,外,スライダー,高め,ゴロ,C,389,672
関西学院大学.csv,中川将心,右,京大以外,左,なし,なし,1,真中,ストレート,高め,ライナー,B,247,292
関西学院大学.csv,渡部遥斗,左,京大以外,左,なし,得点圏,1,外,スライダー,低め,ゴロ,C,367,495
関西大学.csv,金森洸喜,左,京大以外,左,なし,なし,0,内,ストレート,真中,ライナー,B,353,674
関西大学.csv,金森洸喜,左,京大以外,左,なし,なし,2,真中,ストレート,高め,ライナー,B,354,680
関西大学.csv,金森洸喜,左,京大以外,左,なし,なし,2,真中,ストレート,真中,フライ,B,351,697
関西大学.csv,金森洸喜,左,京大以外,左,なし,なし,2,内,ストレート,真中,ライナー,B,363,676
関西大学.csv,金森洸喜,左,京大以外,左,なし,なし,2,内,ストレート,高め,ライナー,B,360,685
関西大学.csv,金森洸喜,左,京大以外,左,なし,なし,2,内,ストレート,低め,ライナー,B,249,595
関西大学.csv,金森洸喜,左,京大以外,左,なし,なし,2,真中,スライダー,低め,ゴロ,B,487,369
関西大学.csv,金森洸喜,左,京大以外,左,なし,なし,2,真中,スライダー,低め,ゴロ,B,486,368
関西大学.csv,山本峻輔,左,京大以外,左,なし,なし,0,真中,ストレート,低め,ゴロ,B,400,250
関西学院大学.csv,新井亮規浩,左,京大以外,左,なし,なし,0,外,スライダー,高め,ライナー,B,503,418
関西学院大学.csv,福谷宇楽,右,京大以外,左,なし,なし,1,内,ストレート,低め,ゴロ,B,160,547
関西学院大学.csv,福谷宇楽,右,京大以外,左,なし,なし,2,外,フォーク,高め,ライナー,B,382,686
関西学院大学.csv,福谷宇楽,右,京大以外,左,なし,なし,2,真中,ストレート,高め,フライ,C,189,536
関西学院大学.csv,小林舜,左,京大以外,左,なし,1塁,2,外,ストレート,高め,ライナー,B,304,678
関西大学.csv,宮本青空,左,京大以外,左,なし,なし,1,外,ストレート,真中,ライナー,B,537,322
関西大学.csv,澤村凪人,右,京大以外,左,なし,1塁,1,外,ストレート,真中,フライ,C,608,486
関西大学.csv,澤村凪人,右,京大以外,左,なし,1塁,2,真中,フォーク,低め,ゴロ,C,473,561
関西学院大学.csv,藤原悠宇,右,京大以外,左,なし,なし,2,真中,スライダー,高め,ライナー,A,255,303
関西学院大学.csv,村亮佑,左,京大以外,左,なし,1塁,1,真中,ストレート,真中,フライ,B,144,540
関西学院大学.csv,村亮佑,左,京大以外,左,なし,1塁,2,外,ストレート,高め,フライ,B,200,295
関西学院大学.csv,中川将心,右,京大以外,左,なし,1塁,0,外,ストレート,真中,ゴロ,A,257,282
関西学院大学.csv,渡部遥斗,左,京大以外,左,なし,得点圏,1,真中,スライダー,低め,ライナー,A,477,256
関西学院大学.csv,新井亮規浩,左,京大以外,左,なし,得点圏,1,内,ストレート,高め,ゴロ,C,471,422
関西大学.csv,加藤蔵乃介,左,京大以外,左,なし,なし,0,外,スライダー,低め,ゴロ,B,417,268
関西学院大学.csv,福谷宇楽,右,京大以外,左,なし,なし,0,外,ストレート,低め,フライ,B,610,508
関西学院大学.csv,福谷宇楽,右,京大以外,左,なし,なし,1,外,ストレート,低め,ライナー,B,385,689
関西学院大学.csv,福谷宇楽,右,京大以外,左,なし,なし,2,外,ストレート,高め,フライ,B,593,230
関西学院大学.csv,宮原大和,左,京大以外,左,なし,なし,2,外,ストレート,真中,フライ,A,297,141
関西学院大学.csv,小林舜,左,京大以外,左,なし,得点圏,1,外,スライダー,高め,フライ,C,258,300
関西学院大学.csv,藤原悠宇,右,京大以外,左,なし,得点圏,1,内,スライダー,真中,フライ,B,49,404
関西大学.csv,宮本青空,左,京大以外,左,なし,1塁,0,真中,ストレート,真中,ゴロ,B,384,659
関西大学.csv,宮本青空,左,京大以外,左,なし,1塁,2,外,ストレート,高め,フライ,B,326,689
関西大学.csv,澤村凪人,右,京大以外,左,なし,なし,0,外,フォーク,低め,ゴロ,A,225,320
関西学院大学.csv,福谷宇楽,右,京大以外,左,なし,なし,1,真中,スライダー,低め,ゴロ,B,277,364
関西学院大学.csv,宮原大和,左,京大以外,左,なし,なし,0,内,ストレート,真中,フライ,B,270,668
関西大学.csv,金森洸喜,左,京大以外,左,なし,なし,1,真中,スライダー,高め,ライナー,B,130,565
関西学院大学.csv,小林舜,左,京大以外,左,なし,なし,2,真中,ストレート,高め,ライナー,B,160,580
関西学院大学.csv,小林舜,左,京大以外,左,なし,なし,2,真中,カーブ,低め,ゴロ,A,385,266
関西学院大学.csv,村亮佑,左,京大以外,左,なし,得点圏,0,真中,ストレート,真中,フライ,C,136,564
関西学院大学.csv,中川将心,右,京大以外,左,なし,得点圏,1,内,ストレート,真中,フライ,C,491,374
関西大学.csv,加藤蔵乃介,左,京大以外,左,なし,得点圏,0,内,ツーシーム,高め,フライ,B,517,291
関西大学.csv,金森洸喜,左,京大以外,左,なし,得点圏,0,内,ツーシーム,真中,ライナー,A,489,374
関西学院大学.csv,高山隼,左,京大以外,左,なし,なし,2,真中,ストレート,高め,ゴロ,B,454,352
関西学院大学.csv,渡部遥斗,左,京大以外,左,なし,なし,0,内,ストレート,高め,ライナー,B,356,688
関西大学.csv,山本峻輔,左,京大以外,左,なし,なし,0,内,ストレート,低め,ゴロ,B,481,373
関西大学.csv,宮本青空,左,京大以外,左,なし,得点圏,2,真中,ストレート,高め,ライナー,B,205,296
関西学院大学.csv,福谷宇楽,右,京大以外,左,なし,なし,2,内,ストレート,高め,ゴロ,C,292,521
関西学院大学.csv,宮原大和,左,京大以外,左,なし,1塁,1,真中,ストレート,高め,ライナー,A,527,287
関西学院大学.csv,藤原悠宇,右,京大以外,左,なし,1塁,1,内,ストレート,高め,ライナー,B,522,609
関西学院大学.csv,藤原悠宇,右,京大以外,左,なし,1塁,1,外,ストレート,真中,ライナー,B,389,681
関西学院大学.csv,藤原悠宇,右,京大以外,左,なし,1塁,2,内,ストレート,低め,ゴロ,C,521,577
関西学院大学.csv,藤原悠宇,右,京大以外,左,なし,1塁,2,真中,スライダー,低め,ライナー,B,379,694
関西大学.csv,金森洸喜,左,京大以外,左,なし,なし,2,外,カットボール,真中,ライナー,B,358,692
関西大学.csv,山本峻輔,左,京大以外,左,なし,なし,2,真中,ストレート,高め,ライナー,B,361,682
同志社大学.csv,土屋璃空,左,京大以外,左,なし,なし,0,内,ストレート,高め,ゴロ,B,572,488
同志社大学.csv,土屋璃空,左,京大以外,左,なし,なし,1,外,ストレート,高め,ライナー,B,108,561
同志社大学.csv,土屋璃空,左,京大以外,左,なし,なし,2,内,ストレート,真中,ライナー,A,695,353
同志社大学.csv,北田陸斗,左,京大以外,左,なし,得点圏,0,真中,スライダー,真中,ライナー,A,353,276
同志社大学.csv,大江嶺,右,京大以外,左,なし,1塁,1,内,スライダー,真中,フライ,C,382,499
同志社大学.csv,辻井心,右,京大以外,左,なし,1塁,0,外,ストレート,真中,フライ,A,672,408
同志社大学.csv,辻井心,右,京大以外,左,なし,1塁,2,外,ストレート,高め,フライ,C,337,318
関西大学.csv,宮本青空,左,京大以外,左,なし,なし,1,内,カットボール,低め,ライナー,B,165,606
関西大学.csv,宮本青空,左,京大以外,左,なし,なし,2,真中,ストレート,高め,ライナー,B,317,687
関西大学.csv,宮本青空,左,京大以外,左,なし,なし,2,内,スライダー,高め,ゴロ,B,372,296
関西大学.csv,澤村凪人,右,京大以外,左,なし,1塁,0,内,スライダー,低め,ゴロ,C,338,650
関西大学.csv,澤村凪人,右,京大以外,左,なし,1塁,2,真中,カットボール,低め,ライナー,A,149,348
関西大学.csv,加藤蔵乃介,左,京大以外,左,なし,得点圏,1,真中,カットボール,高め,ゴロ,C,362,672
関西大学.csv,加藤蔵乃介,左,京大以外,左,なし,得点圏,2,内,スライダー,低め,フライ,C,257,359
同志社大学.csv,齊藤佑征,左,京大以外,左,なし,なし,1,真中,ストレート,高め,フライ,B,289,671
同志社大学.csv,齊藤佑征,左,京大以外,左,なし,なし,2,真中,ストレート,高め,ライナー,B,256,305
同志社大学.csv,中島幹大,左,京大以外,左,なし,得点圏,2,外,スライダー,低め,ゴロ,B,505,428
関西大学.csv,金森洸喜,左,京大以外,左,なし,なし,2,真中,スライダー,低め,ゴロ,B,507,436
関西大学.csv,山本峻輔,左,京大以外,左,なし,1塁,0,外,カットボール,低め,フライ,B,370,241
同志社大学.csv,土屋璃空,左,京大以外,左,なし,なし,0,内,ストレート,真中,フライ,C,267,664
同志社大学.csv,土屋璃空,左,京大以外,左,なし,なし,2,外,ストレート,真中,フライ,C,157,564
同志社大学.csv,土屋璃空,左,京大以外,左,なし,なし,2,真中,ストレート,高め,フライ,B,189,251
同志社大学.csv,影山智紀,右,京大以外,左,なし,なし,1,外,ストレート,高め,ゴロ,C,459,366
同志社大学.csv,北田陸斗,左,京大以外,左,なし,なし,1,外,スライダー,低め,ライナー,B,417,286
同志社大学.csv,大江嶺,右,京大以外,左,なし,1塁,0,真中,スライダー,低め,ライナー,B,154,464
同志社大学.csv,大江嶺,右,京大以外,左,なし,1塁,1,内,ストレート,真中,フライ,C,357,278
同志社大学.csv,齊藤佑征,左,京大以外,左,なし,得点圏,2,真中,ストレート,高め,ライナー,B,268,293
同志社大学.csv,佐藤悠斗,右,京大以外,左,なし,得点圏,1,外,ストレート,真中,ライナー,C,385,672
関西大学.csv,宮本青空,左,京大以外,左,なし,1塁,0,内,カットボール,真中,フライ,B,685,282
関西大学.csv,澤村凪人,右,京大以外,左,なし,得点圏,1,真中,ストレート,真中,フライ,B,162,230
関西大学.csv,加藤蔵乃介,左,京大以外,左,なし,得点圏,1,内,ストレート,高め,ゴロ,C,273,448
同志社大学.csv,中島幹大,左,京大以外,左,なし,なし,0,内,ストレート,真中,ライナー,A,530,435
同志社大学.csv,中嶋陸仁,左,京大以外,左,なし,なし,2,外,ストレート,高め,ゴロ,C,314,385
同志社大学.csv,土屋璃空,左,京大以外,左,なし,なし,1,真中,スライダー,低め,ゴロ,B,533,326
同志社大学.csv,影山智紀,右,京大以外,左,なし,得点圏,2,外,ストレート,高め,フライ,C,344,266
関西大学.csv,山本峻輔,左,京大以外,左,なし,1塁,1,内,ストレート,真中,フライ,C,394,253
関西大学.csv,宮本青空,左,京大以外,左,なし,得点圏,0,真中,スライダー,真中,ゴロ,B,549,341
関西大学.csv,澤村凪人,右,京大以外,右,なし,得点圏,1,外,ストレート,高め,フライ,C,407,303
関西大学.csv,加藤蔵乃介,左,京大以外,右,なし,得点圏,2,外,チェンジアップ,低め,ライナー,B,557,356
同志社大学.csv,北田陸斗,左,京大以外,左,なし,なし,0,内,ストレート,高め,ライナー,B,584,486
同志社大学.csv,北田陸斗,左,京大以外,左,なし,なし,1,真中,ストレート,高め,フライ,B,349,150
同志社大学.csv,辻井心,右,京大以外,左,なし,なし,1,外,フォーク,高め,ゴロ,B,453,349
関西大学.csv,山本峻輔,左,京大以外,右,なし,1塁,2,外,チェンジアップ,高め,ゴロ,B,465,348
関西大学.csv,宮本青空,左,京大以外,右,なし,得点圏,0,外,ストレート,低め,ゴロ,B,476,356
同志社大学.csv,齊藤佑征,左,京大以外,左,なし,なし,1,外,スライダー,高め,ライナー,B,609,313
同志社大学.csv,牧原優太,左,京大以外,左,なし,得点圏,2,内,ストレート,高め,ゴロ,C,469,435
同志社大学.csv,土屋璃空,左,京大以外,左,なし,得点圏,1,真中,ストレート,高め,ライナー,B,363,696
同志社大学.csv,土屋璃空,左,京大以外,左,なし,得点圏,2,内,ストレート,高め,フライ,B,457,138
関西大学.csv,澤村凪人,右,京大以外,右,なし,なし,1,外,ストレート,高め,ライナー,B,382,686
関西大学.csv,澤村凪人,右,京大以外,右,なし,なし,2,外,ストレート,真中,ライナー,B,721,320
関西大学.csv,加藤蔵乃介,左,京大以外,右,なし,なし,0,内,ストレート,真中,ライナー,B,337,682
関西大学.csv,加藤蔵乃介,左,京大以外,右,なし,なし,2,真中,ストレート,高め,フライ,B,283,174
同志社大学.csv,北田陸斗,左,京大以外,左,なし,なし,2,内,ストレート,高め,ゴロ,B,257,445
同志社大学.csv,辻井心,右,京大以外,左,なし,1塁,0,内,ストレート,高め,ライナー,C,557,577
同志社大学.csv,辻井心,右,京大以外,左,なし,1塁,1,真中,ストレート,高め,フライ,B,255,264
関西大学.csv,金森洸喜,左,京大以外,右,なし,なし,0,真中,スライダー,真中,フライ,B,131,590
関西大学.csv,金森洸喜,左,京大以外,右,なし,なし,1,外,スライダー,高め,ゴロ,C,454,395
関西大学.csv,山本峻輔,左,京大以外,右,なし,なし,1,外,チェンジアップ,低め,ゴロ,C,471,452
同志社大学.csv,齊藤佑征,左,京大以外,左,なし,なし,1,外,ストレート,真中,ゴロ,B,227,317
同志社大学.csv,新垣瑞稀,左,京大以外,左,なし,得点圏,1,内,ストレート,高め,ライナー,B,182,348
同志社大学.csv,土屋璃空,左,京大以外,左,なし,得点圏,2,真中,ストレート,高め,ライナー,A,333,274
同志社大学.csv,影山智紀,右,京大以外,左,なし,得点圏,1,外,ストレート,真中,フライ,B,630,322
同志社大学.csv,北田陸斗,左,京大以外,左,なし,得点圏,0,真中,ストレート,低め,ライナー,B,221,631
関西大学.csv,澤村凪人,右,京大以外,右,なし,1塁,0,内,ツーシーム,高め,ゴロ,C,166,552
関西大学.csv,澤村凪人,右,京大以外,右,なし,1塁,1,内,ツーシーム,低め,ゴロ,C,181,570
関西大学.csv,澤村凪人,右,京大以外,右,なし,1塁,1,外,ストレート,真中,フライ,B,527,213
関西大学.csv,加藤蔵乃介,左,京大以外,右,なし,1塁,1,内,ストレート,低め,ゴロ,C,577,525
関西大学.csv,加藤蔵乃介,左,京大以外,右,なし,1塁,1,内,ストレート,真中,フライ,B,701,393
関西大学.csv,山本峻輔,左,京大以外,左,なし,得点圏,1,内,ストレート,真中,フライ,C,228,347
同志社大学.csv,大井海音,左,京大以外,右,なし,なし,0,真中,スライダー,低め,ゴロ,C,411,651
同志社大学.csv,大井海音,左,京大以外,右,なし,なし,1,内,ストレート,高め,ライナー,B,344,676
同志社大学.csv,大井海音,左,京大以外,右,なし,なし,2,外,ストレート,真中,ゴロ,B,293,364
同志社大学.csv,辻井心,右,京大以外,右,なし,なし,1,外,スライダー,真中,ライナー,B,301,349
同志社大学.csv,藤田心一,左,京大以外,右,なし,得点圏,2,真中,ストレート,高め,フライ,B,329,138
近畿大学.csv,久保尊,左,京大以外,左,なし,なし,2,内,ストレート,高め,フライ,A,624,146
近畿大学.csv,近澤賢虎,右,京大以外,左,なし,なし,1,外,ストレート,真中,ゴロ,B,417,330
近畿大学.csv,渡辺崇仁,右,京大以外,左,なし,なし,1,外,ツーシーム,低め,ゴロ,C,311,646
近畿大学.csv,渡辺崇仁,右,京大以外,左,なし,なし,2,外,ツーシーム,真中,フライ,B,619,229
近畿大学.csv,三木太介,右,京大以外,左,なし,なし,1,外,スライダー,低め,ゴロ,B,221,319
近畿大学.csv,岸本紘一,右,京大以外,左,なし,1塁,1,外,ツーシーム,真中,ゴロ,C,169,564
立命館大学.csv,築山隆翔,左,京大以外,右,なし,なし,1,内,ストレート,高め,フライ,C,346,672
立命館大学.csv,築山隆翔,左,京大以外,右,なし,なし,2,外,フォーク,高め,ゴロ,B,244,438
立命館大学.csv,川端一正,左,京大以外,右,なし,なし,0,外,ストレート,真中,ゴロ,B,377,262
立命館大学.csv,福井一颯,右,京大以外,右,なし,なし,0,外,ストレート,低め,フライ,C,608,524
立命館大学.csv,福井一颯,右,京大以外,右,なし,なし,1,内,ストレート,高め,ライナー,B,362,689
立命館大学.csv,福井一颯,右,京大以外,右,なし,なし,2,真中,フォーク,低め,ゴロ,C,351,654
立命館大学.csv,福井一颯,右,京大以外,右,なし,なし,2,外,ストレート,高め,ライナー,B,383,690
立命館大学.csv,福井一颯,右,京大以外,右,なし,なし,2,内,フォーク,高め,フライ,B,19,381
立命館大学.csv,星野大和,右,京大以外,右,なし,得点圏,1,内,ストレート,真中,フライ,B,535,639
立命館大学.csv,西野啓也,右,京大以外,右,なし,得点圏,2,内,ストレート,低め,ゴロ,C,347,341
近畿大学.csv,八幡大介,左,京大以外,左,なし,1塁,0,外,ストレート,真中,ライナー,B,404,275
近畿大学.csv,久保尊,左,京大以外,左,なし,得点圏,1,真中,ツーシーム,真中,ゴロ,B,410,333
立命館大学.csv,丸岡優太,右,京大以外,右,なし,1塁,0,内,フォーク,高め,ゴロ,B,256,443
立命館大学.csv,塚本遵平,右,京大以外,右,なし,1塁,1,外,ストレート,真中,ゴロ,B,322,351
近畿大学.csv,近澤賢虎,右,京大以外,左,なし,なし,0,外,ストレート,高め,ゴロ,B,271,427
近畿大学.csv,渡辺崇仁,右,京大以外,左,なし,なし,1,外,ツーシーム,真中,ライナー,B,605,481
近畿大学.csv,久保尊,左,京大以外,左,なし,得点圏,0,内,ツーシーム,真中,フライ,C,402,275
近畿大学.csv,近澤賢虎,右,京大以外,左,なし,なし,1,真中,ツーシーム,真中,ライナー,B,489,291
近畿大学.csv,渡辺崇仁,右,京大以外,左,なし,1塁,2,外,ツーシーム,真中,ゴロ,B,310,330
近畿大学.csv,田村好誠,右,京大以外,右,なし,1塁,0,外,スライダー,真中,ゴロ,B,263,441
立命館大学.csv,築山隆翔,左,京大以外,右,なし,なし,1,内,ストレート,高め,ライナー,B,359,682
近畿大学.csv,久保尊,左,京大以外,右,なし,なし,2,内,スライダー,真中,ライナー,B,583,466
近畿大学.csv,岩本聖冬生,左,京大以外,右,なし,なし,1,外,ツーシーム,真中,フライ,B,183,256
近畿大学.csv,渡辺崇仁,右,京大以外,右,なし,なし,0,外,ストレート,真中,フライ,C,587,473
近畿大学.csv,渡辺崇仁,右,京大以外,右,なし,なし,2,外,スライダー,低め,ライナー,B,401,677
近畿大学.csv,渡辺崇仁,右,京大以外,右,なし,なし,2,真中,ストレート,低め,ゴロ,B,203,440
立命館大学.csv,神野吏輝,右,京大以外,右,なし,1塁,1,外,フォーク,低め,ゴロ,C,281,478
近畿大学.csv,渡辺崇仁,右,京大以外,右,なし,得点圏,1,内,ツーシーム,低め,ゴロ,B,140,512
近畿大学.csv,渡辺崇仁,右,京大以外,右,なし,得点圏,2,内,ツーシーム,低め,ゴロ,C,329,655
近畿大学.csv,渡辺崇仁,右,京大以外,右,なし,得点圏,2,真中,チェンジアップ,低め,フライ,B,167,281
立命館大学.csv,八瀬山大悟,右,京大以外,右,なし,得点圏,1,外,スライダー,真中,ゴロ,B,293,390
近畿大学.csv,久保尊,左,京大以外,右,なし,なし,1,内,ストレート,真中,ライナー,C,132,571
近畿大学.csv,久保尊,左,京大以外,右,なし,なし,2,真中,ストレート,真中,ライナー,A,447,325
近畿大学.csv,近澤賢虎,右,京大以外,右,なし,なし,1,内,ストレート,真中,ライナー,C,379,674
近畿大学.csv,渡辺崇仁,右,京大以外,右,なし,なし,1,外,スライダー,真中,ゴロ,B,318,344
立命館大学.csv,八瀬山大悟,右,京大以外,右,なし,なし,0,外,カーブ,真中,ライナー,B,389,688
立命館大学.csv,八瀬山大悟,右,京大以外,右,なし,なし,2,外,ストレート,高め,ゴロ,B,498,362
近畿大学.csv,田村好誠,右,京大以外,右,なし,得点圏,1,内,ストレート,高め,フライ,C,289,277
立命館大学.csv,築山隆翔,左,京大以外,右,なし,なし,2,内,ストレート,高め,ライナー,B,497,408
立命館大学.csv,神野吏輝,右,京大以外,右,なし,なし,2,真中,ストレート,真中,フライ,B,538,259
近畿大学.csv,久保尊,左,京大以外,右,なし,得点圏,2,外,ストレート,高め,フライ,C,89,529
近畿大学.csv,久保尊,左,京大以外,右,なし,得点圏,2,外,ストレート,高め,フライ,B,30,394
近畿大学.csv,久保尊,左,京大以外,右,なし,得点圏,2,内,ストレート,高め,ゴロ,B,499,480
近畿大学.csv,近澤賢虎,右,京大以外,右,なし,得点圏,1,内,ストレート,真中,フライ,C,399,692
近畿大学.csv,近澤賢虎,右,京大以外,右,なし,得点圏,2,真中,スライダー,高め,ゴロ,B,462,441
近畿大学.csv,渡辺崇仁,右,京大以外,右,なし,1塁,0,外,スライダー,低め,ゴロ,C,555,514
立命館大学.csv,八瀬山大悟,右,京大以外,右,なし,1塁,0,外,フォーク,低め,ゴロ,C,326,668
立命館大学.csv,八瀬山大悟,右,京大以外,右,なし,1塁,1,外,フォーク,低め,ゴロ,C,439,638
立命館大学.csv,八瀬山大悟,右,京大以外,右,なし,1塁,2,外,ストレート,高め,ゴロ,B,381,678
立命館大学.csv,八瀬山大悟,右,京大以外,右,なし,1塁,2,外,スライダー,高め,ゴロ,B,305,356
近畿大学.csv,田村好誠,右,京大以外,右,なし,なし,1,内,ツーシーム,高め,ライナー,B,223,344
近畿大学.csv,久保尊,左,京大以外,右,なし,1塁,0,内,ストレート,真中,フライ,B,612,208
近畿大学.csv,近澤賢虎,右,京大以外,右,なし,1塁,1,真中,ストレート,低め,ゴロ,A,554,334
立命館大学.csv,築山隆翔,左,京大以外,右,なし,なし,2,外,ストレート,真中,ライナー,B,155,607
立命館大学.csv,神野吏輝,右,京大以外,右,なし,なし,1,外,カーブ,低め,ゴロ,C,333,653
立命館大学.csv,神野吏輝,右,京大以外,右,なし,なし,2,外,ストレート,真中,ゴロ,C,375,600
近畿大学.csv,田村好誠,右,京大以外,右,なし,得点圏,1,内,スライダー,真中,ゴロ,C,429,408
近畿大学.csv,高良鷹二郎,右,京大以外,右,なし,得点圏,2,内,ツーシーム,真中,ゴロ,C,178,563
近畿大学.csv,高良鷹二郎,右,京大以外,右,なし,得点圏,2,真中,スライダー,真中,フライ,A,171,141
近畿大学.csv,久保尊,左,京大以外,左,なし,得点圏,2,内,スライダー,真中,フライ,C,336,660
立命館大学.csv,神野吏輝,右,京大以外,左,なし,得点圏,0,外,チェンジアップ,低め,フライ,B,294,178
近畿大学.csv,田村好誠,右,京大以外,右,なし,なし,2,内,チェンジアップ,低め,ライナー,B,99,299
近畿大学.csv,久保尊,左,京大以外,右,なし,得点圏,0,真中,チェンジアップ,高め,ライナー,B,551,335
近畿大学.csv,岩本聖冬生,左,京大以外,右,なし,得点圏,2,外,ストレート,真中,ライナー,B,97,546
近畿大学.csv,岩本聖冬生,左,京大以外,右,なし,得点圏,2,外,チェンジアップ,真中,ゴロ,B,249,417
立命館大学.csv,北川陸翔,左,京大以外,右,なし,1塁,0,真中,ストレート,高め,フライ,B,566,175
同志社大学.csv,土屋璃空,左,京大以外,左,なし,なし,1,外,カットボール,低め,ゴロ,C,303,583
同志社大学.csv,北田陸斗,左,京大以外,左,なし,得点圏,1,内,ストレート,低め,フライ,B,167,599
関西大学.csv,金森洸喜,左,京大以外,右,なし,なし,2,真中,ストレート,高め,フライ,C,216,668
関西大学.csv,金森洸喜,左,京大以外,右,なし,なし,2,内,ストレート,高め,フライ,C,157,444
関西大学.csv,金森洸喜,左,京大以外,右,なし,なし,0,外,スライダー,真中,ライナー,C,339,700
関西大学.csv,金森洸喜,左,京大以外,右,なし,なし,2,外,フォーク,真中,フライ,B,131,286
同志社大学.csv,齊藤佑征,左,京大以外,左,なし,なし,2,真中,ストレート,高め,ライナー,B,348,692
同志社大学.csv,佐藤悠斗,右,京大以外,左,なし,なし,2,内,ストレート,高め,ゴロ,C,279,428
同志社大学.csv,新垣瑞稀,左,京大以外,左,なし,なし,2,真中,ストレート,真中,ライナー,C,179,616
同志社大学.csv,新垣瑞稀,左,京大以外,左,なし,なし,2,内,ストレート,高め,フライ,C,439,375
関西大学.csv,宮本青空,左,京大以外,右,なし,なし,0,外,ツーシーム,高め,フライ,B,537,231
同志社大学.csv,辻井心,右,京大以外,左,なし,なし,1,内,カットボール,真中,ゴロ,B,129,545
同志社大学.csv,辻井心,右,京大以外,左,なし,なし,2,内,ストレート,低め,ゴロ,C,327,377
同志社大学.csv,中田爽太,左,京大以外,左,なし,なし,1,外,カットボール,真中,ライナー,B,356,683
同志社大学.csv,中田爽太,左,京大以外,左,なし,なし,2,外,スライダー,真中,ゴロ,C,471,438
同志社大学.csv,土屋璃空,左,京大以外,左,なし,なし,1,内,カットボール,高め,フライ,C,174,521
同志社大学.csv,土屋璃空,左,京大以外,左,なし,なし,2,内,ストレート,高め,ライナー,B,493,296
同志社大学.csv,影山智紀,右,京大以外,左,なし,1塁,0,真中,ストレート,高め,ライナー,B,544,324
同志社大学.csv,北田陸斗,左,京大以外,左,なし,得点圏,1,内,ストレート,真中,フライ,B,114,526
同志社大学.csv,北田陸斗,左,京大以外,左,なし,得点圏,2,内,ストレート,低め,ゴロ,B,329,373
関西大学.csv,加藤蔵乃介,左,京大以外,右,なし,なし,1,真中,ツーシーム,高め,ライナー,B,343,699
関西大学.csv,加藤蔵乃介,左,京大以外,右,なし,なし,2,外,フォーク,高め,ゴロ,B,324,332
関西大学.csv,金森洸喜,左,京大以外,右,なし,得点圏,0,内,ストレート,高め,ライナー,B,364,673
関西大学.csv,山本峻輔,左,京大以外,右,なし,得点圏,0,真中,ストレート,真中,フライ,B,140,610
関西大学.csv,山本峻輔,左,京大以外,右,なし,得点圏,1,内,ストレート,真中,フライ,C,286,678
関西大学.csv,山本峻輔,左,京大以外,右,なし,得点圏,2,真中,フォーク,低め,ライナー,B,506,285
関西大学.csv,宮本青空,左,京大以外,右,なし,得点圏,2,内,ストレート,高め,ゴロ,B,563,504
関西大学.csv,宮本青空,左,京大以外,右,なし,得点圏,2,内,ストレート,真中,ゴロ,B,518,443
同志社大学.csv,佐藤悠斗,右,京大以外,左,なし,得点圏,2,真中,カットボール,低め,フライ,B,284,168
関西大学.csv,澤村凪人,右,京大以外,右,なし,なし,0,真中,スライダー,高め,フライ,B,98,248
関西大学.csv,加藤蔵乃介,左,京大以外,右,なし,なし,0,外,ツーシーム,高め,ライナー,B,333,689
同志社大学.csv,新垣瑞稀,左,京大以外,左,なし,なし,0,真中,カットボール,低め,ライナー,B,496,395
同志社大学.csv,辻井心,右,京大以外,左,なし,なし,0,外,ストレート,高め,ゴロ,B,329,340
同志社大学.csv,中田爽太,左,京大以外,左,なし,なし,0,外,カットボール,真中,ライナー,B,364,680
同志社大学.csv,中田爽太,左,京大以外,左,なし,なし,2,外,ストレート,高め,ライナー,C,280,656
同志社大学.csv,中田爽太,左,京大以外,左,なし,なし,2,真中,スライダー,高め,フライ,B,641,485
同志社大学.csv,中田爽太,左,京大以外,左,なし,なし,2,外,カーブ,低め,フライ,C,258,296
関西大学.csv,金森洸喜,左,京大以外,右,なし,なし,1,内,ストレート,真中,フライ,B,497,189
関西大学.csv,山本峻輔,左,京大以外,右,なし,なし,1,真中,ストレート,高め,フライ,B,517,152
同志社大学.csv,土屋璃空,左,京大以外,左,なし,なし,0,外,カットボール,高め,フライ,C,73,446
同志社大学.csv,北田陸斗,左,京大以外,左,なし,1塁,0,真中,カットボール,高め,フライ,B,530,311
同志社大学.csv,齊藤佑征,左,京大以外,左,なし,得点圏,1,内,ストレート,真中,ゴロ,B,544,436
関西大学.csv,宮本青空,左,京大以外,右,なし,得点圏,1,内,ストレート,高め,ゴロ,B,580,501
関西大学.csv,宮本青空,左,京大以外,右,なし,得点圏,2,内,スライダー,真中,ゴロ,B,500,364
関西大学.csv,澤村凪人,右,京大以外,右,なし,なし,1,内,ストレート,真中,ゴロ,B,170,546
関西大学.csv,澤村凪人,右,京大以外,右,なし,なし,2,外,スライダー,低め,フライ,C,446,277
関西大学.csv,加藤蔵乃介,左,京大以外,右,なし,1塁,0,外,ストレート,低め,フライ,B,328,154
同志社大学.csv,佐藤悠斗,右,京大以外,左,なし,なし,0,内,ストレート,真中,フライ,B,389,701
同志社大学.csv,佐藤悠斗,右,京大以外,左,なし,なし,1,内,カーブ,低め,ゴロ,C,339,644
同志社大学.csv,佐藤悠斗,右,京大以外,左,なし,なし,2,真中,ストレート,高め,ライナー,B,355,698
同志社大学.csv,辻井心,右,京大以外,左,なし,なし,1,内,カットボール,低め,フライ,C,442,397
関西大学.csv,山本峻輔,左,京大以外,右,なし,得点圏,2,真中,チェンジアップ,高め,フライ,B,564,279
同志社大学.csv,中田爽太,左,京大以外,左,なし,なし,0,外,カットボール,低め,ゴロ,C,430,390
同志社大学.csv,土屋璃空,左,京大以外,左,なし,なし,1,外,ストレート,高め,ライナー,B,221,652
同志社大学.csv,土屋璃空,左,京大以外,左,なし,なし,2,外,カットボール,高め,ゴロ,C,373,510
同志社大学.csv,影山智紀,右,京大以外,左,なし,なし,2,外,ストレート,高め,ゴロ,B,258,410
関西大学.csv,澤村凪人,右,京大以外,右,なし,1塁,0,内,ストレート,低め,フライ,C,261,487
同志社大学.csv,北田陸斗,左,京大以外,左,なし,なし,0,外,カットボール,低め,ゴロ,B,442,346
同志社大学.csv,大江嶺,右,京大以外,左,なし,なし,0,外,フォーク,低め,ゴロ,B,249,408
同志社大学.csv,齊藤佑征,左,京大以外,左,なし,なし,0,内,ストレート,高め,フライ,B,384,706
同志社大学.csv,齊藤佑征,左,京大以外,左,なし,なし,2,内,カットボール,高め,ゴロ,B,543,474
同志社大学.csv,齊藤佑征,左,京大以外,左,なし,なし,2,外,カットボール,低め,ゴロ,B,266,435
同志社大学.csv,中島幹大,左,京大以外,左,なし,1塁,2,真中,ストレート,低め,ゴロ,C,395,675
関西学院大学.csv,中川将心,右,京大以外,左,なし,なし,2,内,ストレート,高め,ライナー,C,540,494
関西学院大学.csv,中川将心,右,京大以外,左,なし,なし,2,内,カットボール,高め,フライ,C,516,351
関西学院大学.csv,小林舜,左,京大以外,左,なし,なし,1,内,ストレート,高め,ライナー,B,42,411
関西学院大学.csv,渡部遥斗,左,京大以外,左,なし,1塁,1,内,ストレート,真中,ライナー,B,160,609
関西学院大学.csv,福谷宇楽,右,京大以外,左,なし,得点圏,1,外,スライダー,真中,ライナー,B,380,696
関西学院大学.csv,福谷宇楽,右,京大以外,左,なし,得点圏,2,内,カットボール,真中,ライナー,C,557,346
関西学院大学.csv,宮原大和,左,京大以外,左,なし,得点圏,0,真中,カットボール,高め,ライナー,B,559,287
同志社大学.csv,影山智紀,右,京大以外,左,なし,なし,0,真中,ストレート,高め,フライ,B,451,671
同志社大学.csv,影山智紀,右,京大以外,左,なし,なし,1,真中,フォーク,高め,ライナー,B,366,691
同志社大学.csv,影山智紀,右,京大以外,左,なし,なし,2,外,ストレート,高め,ライナー,B,526,321
同志社大学.csv,齊藤佑征,左,京大以外,左,なし,1塁,0,真中,ストレート,高め,ライナー,A,636,426
同志社大学.csv,齊藤佑征,左,京大以外,左,なし,1塁,2,内,ストレート,高め,ゴロ,B,490,379
同志社大学.csv,北田陸斗,左,京大以外,左,なし,得点圏,1,内,ストレート,真中,ゴロ,B,228,449
関西学院大学.csv,村亮佑,左,京大以外,左,なし,なし,1,内,ストレート,真中,ゴロ,C,395,648
関西学院大学.csv,村亮佑,左,京大以外,左,なし,なし,1,真中,スライダー,低め,ライナー,B,236,279
関西学院大学.csv,藤原悠宇,右,京大以外,左,なし,なし,2,内,カットボール,高め,フライ,C,608,490
関西学院大学.csv,藤原悠宇,右,京大以外,左,なし,なし,2,真中,ストレート,高め,ライナー,C,556,568
関西学院大学.csv,藤原悠宇,右,京大以外,左,なし,なし,2,内,ストレート,低め,フライ,C,511,270
関西学院大学.csv,高山隼,左,京大以外,左,なし,なし,1,内,カットボール,真中,フライ,C,472,363
同志社大学.csv,佐藤悠斗,右,京大以外,左,なし,なし,0,真中,フォーク,高め,ゴロ,A,115,483
同志社大学.csv,佐藤悠斗,右,京大以外,左,なし,なし,1,内,ストレート,高め,フライ,C,406,685
同志社大学.csv,時藤之介,左,京大以外,左,なし,なし,0,内,ストレート,真中,フライ,B,558,182
同志社大学.csv,杉本一世,右,京大以外,左,なし,なし,0,外,ストレート,真中,ライナー,B,256,202
同志社大学.csv,中田爽太,左,京大以外,左,なし,得点圏,2,外,ストレート,真中,フライ,B,70,450
同志社大学.csv,中田爽太,左,京大以外,左,なし,得点圏,2,外,ストレート,低め,ゴロ,B,286,373
関西学院大学.csv,中川将心,右,京大以外,左,なし,なし,1,内,カットボール,低め,フライ,B,177,253
関西学院大学.csv,小林舜,左,京大以外,左,なし,なし,1,真中,ストレート,高め,ゴロ,A,218,304
関西学院大学.csv,渡部遥斗,左,京大以外,左,なし,1塁,0,内,カットボール,高め,ゴロ,C,278,472
関西学院大学.csv,新井亮規浩,左,京大以外,左,なし,得点圏,0,外,カットボール,高め,フライ,C,226,661
関西学院大学.csv,新井亮規浩,左,京大以外,左,なし,得点圏,1,内,ストレート,高め,フライ,C,218,324
関西学院大学.csv,福谷宇楽,右,京大以外,左,なし,得点圏,0,内,ストレート,低め,ゴロ,B,295,354
同志社大学.csv,齊藤佑征,左,京大以外,左,なし,得点圏,1,外,フォーク,低め,ゴロ,A,546,316
同志社大学.csv,北田陸斗,左,京大以外,左,なし,得点圏,1,内,ストレート,高め,ゴロ,B,476,432
関西学院大学.csv,宮原大和,左,京大以外,左,なし,なし,2,内,カットボール,高め,ライナー,A,642,267
関西学院大学.csv,村亮佑,左,京大以外,左,なし,得点圏,0,真中,ストレート,高め,ライナー,A,189,350
関西学院大学.csv,藤原悠宇,右,京大以外,左,なし,得点圏,1,真中,ストレート,低め,フライ,B,422,708
関西学院大学.csv,藤原悠宇,右,京大以外,左,なし,得点圏,2,真中,スライダー,低め,ゴロ,B,196,500
関西学院大学.csv,藤原悠宇,右,京大以外,左,なし,得点圏,2,外,ストレート,高め,ライナー,B,679,419
関西学院大学.csv,藤原悠宇,右,京大以外,左,なし,得点圏,2,外,ストレート,低め,フライ,B,317,143
関西学院大学.csv,中川将心,右,京大以外,左,なし,得点圏,0,内,スライダー,低め,ゴロ,B,167,564
関西学院大学.csv,中川将心,右,京大以外,左,なし,得点圏,1,外,ストレート,真中,ライナー,B,655,508
関西学院大学.csv,中川将心,右,京大以外,左,なし,得点圏,2,外,ストレート,高め,ゴロ,B,538,314
関西学院大学.csv,小林舜,左,京大以外,左,なし,得点圏,2,外,スライダー,低め,ライナー,B,222,342
関西学院大学.csv,渡部遥斗,左,京大以外,左,なし,得点圏,0,内,ストレート,真中,ライナー,A,425,252
関西学院大学.csv,福谷宇楽,右,京大以外,左,なし,得点圏,2,内,ストレート,真中,ライナー,A,642,647
関西学院大学.csv,福谷宇楽,右,京大以外,左,なし,得点圏,2,真中,ストレート,真中,ライナー,B,54,455
関西学院大学.csv,福谷宇楽,右,京大以外,左,なし,得点圏,2,外,ストレート,低め,ゴロ,C,268,591
関西学院大学.csv,宮原大和,左,京大以外,左,なし,得点圏,0,真中,ストレート,低め,ライナー,A,558,325
関西学院大学.csv,村亮佑,左,京大以外,左,なし,得点圏,0,真中,スライダー,低め,ライナー,A,371,272
関西学院大学.csv,藤原悠宇,右,京大以外,右,なし,得点圏,0,外,スライダー,低め,フライ,C,574,586
関西学院大学.csv,藤原悠宇,右,京大以外,右,なし,得点圏,1,内,ストレート,低め,ライナー,B,277,275
同志社大学.csv,佐藤悠斗,右,京大以外,左,なし,なし,2,真中,ストレート,高め,フライ,C,540,315
同志社大学.csv,時藤之介,左,京大以外,左,なし,なし,2,内,ストレート,高め,ライナー,C,384,659
同志社大学.csv,時藤之介,左,京大以外,左,なし,なし,2,真中,フォーク,高め,ゴロ,B,492,417
関西学院大学.csv,高山隼,左,京大以外,右,なし,なし,1,真中,チェンジアップ,低め,ゴロ,B,509,425
関西学院大学.csv,中川将心,右,京大以外,右,なし,なし,1,外,ストレート,低め,ライナー,B,566,283
関西学院大学.csv,小林舜,左,京大以外,右,なし,なし,1,真中,チェンジアップ,高め,フライ,C,486,344
同志社大学.csv,中田爽太,左,京大以外,左,なし,なし,0,真中,カーブ,真中,ゴロ,B,412,334
同志社大学.csv,土屋璃空,左,京大以外,左,なし,1塁,1,真中,ストレート,高め,ゴロ,B,456,356
同志社大学.csv,影山智紀,右,京大以外,左,なし,1塁,1,外,ストレート,低め,ライナー,B,388,672
同志社大学.csv,影山智紀,右,京大以外,左,なし,1塁,2,内,ストレート,高め,フライ,C,480,276
同志社大学.csv,齊藤佑征,左,京大以外,左,なし,1塁,0,内,ストレート,真中,フライ,A,732,226
同志社大学.csv,大江嶺,右,京大以外,左,なし,なし,0,外,フォーク,低め,ゴロ,B,245,410
関西学院大学.csv,渡部遥斗,左,京大以外,右,なし,なし,0,外,ストレート,低め,ライナー,B,361,676
関西学院大学.csv,渡部遥斗,左,京大以外,右,なし,なし,1,真中,ストレート,低め,ライナー,B,187,650
関西学院大学.csv,渡部遥斗,左,京大以外,右,なし,なし,2,内,ストレート,真中,ライナー,A,561,196
関西学院大学.csv,新井亮規浩,左,京大以外,右,なし,得点圏,0,真中,ストレート,高め,フライ,B,315,694
関西学院大学.csv,新井亮規浩,左,京大以外,右,なし,得点圏,1,外,ストレート,真中,ゴロ,A,443,337
関西学院大学.csv,福谷宇楽,右,京大以外,右,なし,得点圏,1,内,ストレート,高め,フライ,C,306,349
関西学院大学.csv,宮原大和,左,京大以外,右,なし,得点圏,1,外,チェンジアップ,高め,フライ,B,313,198
同志社大学.csv,北田陸斗,左,京大以外,左,なし,なし,1,外,スライダー,低め,ゴロ,C,331,655
同志社大学.csv,北田陸斗,左,京大以外,左,なし,なし,2,外,スライダー,真中,ライナー,C,313,661
同志社大学.csv,佐藤悠斗,右,京大以外,左,なし,なし,0,内,スライダー,高め,ゴロ,C,274,620
同志社大学.csv,佐藤悠斗,右,京大以外,左,なし,なし,1,外,ストレート,高め,フライ,C,589,450
同志社大学.csv,時藤之介,左,京大以外,左,なし,なし,2,内,スライダー,高め,ゴロ,B,522,414
関西学院大学.csv,村亮佑,左,京大以外,右,なし,なし,0,外,チェンジアップ,真中,ゴロ,B,420,354
関西学院大学.csv,藤原悠宇,右,京大以外,右,なし,なし,0,真中,ストレート,低め,フライ,B,459,675
関西学院大学.csv,藤原悠宇,右,京大以外,右,なし,なし,1,外,ストレート,真中,フライ,B,647,473
関西学院大学.csv,藤原悠宇,右,京大以外,右,なし,なし,2,内,ストレート,低め,ライナー,C,501,302
関西学院大学.csv,高山隼,左,京大以外,右,なし,1塁,0,真中,ストレート,真中,フライ,B,586,250
関西学院大学.csv,中川将心,右,京大以外,右,なし,1塁,0,真中,ストレート,低め,ゴロ,B,239,302
関西学院大学.csv,小林舜,左,京大以外,右,なし,得点圏,1,外,ストレート,真中,ライナー,B,136,582
関西学院大学.csv,小林舜,左,京大以外,右,なし,得点圏,2,外,ストレート,低め,ライナー,B,349,678
関西学院大学.csv,小林舜,左,京大以外,右,なし,得点圏,2,外,ストレート,高め,ライナー,A,107,386
同志社大学.csv,辻井心,右,京大以外,左,なし,なし,2,外,フォーク,低め,ゴロ,B,249,399
同志社大学.csv,土屋璃空,左,京大以外,左,なし,得点圏,1,内,ストレート,高め,フライ,C,245,338
同志社大学.csv,影山智紀,右,京大以外,左,なし,得点圏,0,外,ストレート,低め,フライ,C,468,655
同志社大学.csv,影山智紀,右,京大以外,左,なし,得点圏,2,真中,ストレート,真中,ゴロ,B,275,367
同志社大学.csv,齊藤佑征,左,京大以外,左,なし,得点圏,2,外,ストレート,真中,ライナー,B,125,612
同志社大学.csv,齊藤佑征,左,京大以外,左,なし,得点圏,2,外,フォーク,低め,ライナー,B,219,320
関西学院大学.csv,渡部遥斗,左,京大以外,右,なし,なし,0,内,ストレート,低め,フライ,B,557,181
関西学院大学.csv,新井亮規浩,左,京大以外,右,なし,なし,2,外,チェンジアップ,高め,フライ,C,289,336
関西学院大学.csv,福谷宇楽,右,京大以外,右,なし,なし,0,内,ストレート,高め,ライナー,A,84,518
関西学院大学.csv,福谷宇楽,右,京大以外,右,なし,なし,1,外,ストレート,真中,ライナー,B,361,207
同志社大学.csv,中島幹大,左,京大以外,右,なし,なし,2,内,スライダー,高め,フライ,A,735,290
同志社大学.csv,中島幹大,左,京大以外,右,なし,なし,2,真中,ストレート,高め,ライナー,B,164,644
同志社大学.csv,中島幹大,左,京大以外,右,なし,なし,2,真中,ストレート,低め,ゴロ,A,325,325
同志社大学.csv,新垣瑞稀,左,京大以外,右,なし,なし,0,外,ストレート,真中,ライナー,B,141,582
同志社大学.csv,新垣瑞稀,左,京大以外,右,なし,なし,2,外,ストレート,高め,ライナー,C,156,644
同志社大学.csv,辻井心,右,京大以外,右,なし,1塁,1,内,ストレート,真中,ゴロ,B,375,263
同志社大学.csv,中田爽太,左,京大以外,右,なし,得点圏,2,外,ストレート,低め,ライナー,B,154,577
同志社大学.csv,中田爽太,左,京大以外,右,なし,得点圏,2,内,スライダー,低め,ライナー,B,358,676
同志社大学.csv,土屋璃空,左,京大以外,左,なし,得点圏,1,外,ストレート,真中,ゴロ,B,453,380
関西学院大学.csv,宮原大和,左,京大以外,右,なし,なし,0,内,ストレート,高め,ライナー,B,352,684
関西学院大学.csv,宮原大和,左,京大以外,右,なし,なし,2,外,チェンジアップ,高め,ゴロ,B,459,355
関西学院大学.csv,村亮佑,左,京大以外,右,なし,なし,1,内,ストレート,低め,ゴロ,C,394,642
関西学院大学.csv,村亮佑,左,京大以外,右,なし,なし,2,外,ストレート,真中,ライナー,B,365,686
関西学院大学.csv,藤原悠宇,右,京大以外,右,なし,なし,2,真中,カーブ,低め,フライ,B,342,182
同志社大学.csv,大井海音,左,京大以外,右,なし,なし,2,内,スライダー,真中,ゴロ,B,451,384
同志社大学.csv,齊藤佑征,左,京大以外,右,なし,なし,0,外,ツーシーム,低め,ライナー,A,396,165
同志社大学.csv,藤田心一,左,京大以外,右,なし,なし,0,真中,スライダー,低め,フライ,C,336,694
同志社大学.csv,藤田心一,左,京大以外,右,なし,なし,1,真中,ストレート,高め,ライナー,B,155,568
同志社大学.csv,藤田心一,左,京大以外,右,なし,なし,2,内,スライダー,低め,フライ,C,346,684
同志社大学.csv,藤田心一,左,京大以外,右,なし,なし,2,外,フォーク,真中,ゴロ,C,386,665
同志社大学.csv,藤田心一,左,京大以外,右,なし,なし,2,内,スライダー,真中,ライナー,B,529,304
同志社大学.csv,中島幹大,左,京大以外,右,なし,1塁,0,外,スライダー,低め,ゴロ,B,501,458
